county,comName,Ndeaths 2008-2012,Ndeaths 2013-2017,Rate 2008-2012,Rate 2013-2017,Percent Change,pValue,Community 13-17 Compared to State 15-17
Alameda,Alameda/Jack London Square/Oakland Inner Harbor,29,45,7.454,11.41,53.072176012879,0.03857894477746604,No Diff
Alameda,Albany/Berkeley East and North/Claremont/Cragmont/Forest Park/Rockridge/Temescal/Thousand Oaks,58,67,9.434,10.64,12.783548865804553,0.2569742210184971,No Diff
Alameda,Altamont/Livermore East/Midway/Mountain House/Scotts Corner,12,18,6.374,8.598,34.89174772513338,0.22155334613598066,No Diff
Alameda,Ashland/Brookfield Village/Castro Valley South/Elmhurst/Hayward Northeast/San Leandro North Central/San Lorenzo East,61,54,11.13,9.149,-17.798742138364794,0.15275572172598073,No Diff
Alameda,Berkeley South and West/Emeryville/Oakland Northwest,46,42,12.2,9.555,-21.680327868852455,0.1457350070629655,No Diff
Alameda,Castro Valley Central and North/Oak Knoll/San Leandro Northeast/Sheffield Village/Union City East,56,48,9.927,7.699,-22.443840032235318,0.10591915495454729,Lower
Alameda,Centerville/Fremont West/Irvington/Newark East Central,26,23,5.552,4.574,-17.615273775216135,0.25228958863200734,Lower
Alameda,Dimond/Montclair/Oakland East/Oakmore/Piedmont/Piedmont Pines/Trestle Glen,52,82,7.597,12.27,61.511122811636156,0.004268375875236652,No Diff
Alameda,Dublin/Pleasanton/Santa Rita/Sunol,46,51,8.48,8.105,-4.422169811320755,0.41426459876260835,Lower
Alameda,Fremont East/Niles/Union City Central,50,37,8.701,5.943,-31.697506033789224,0.041988071512058855,Lower
Alameda,Fremont South/Mission San Jose/Newark South/Warm Springs,33,33,7.23,6.685,-7.538035961272487,0.3777045537121183,Lower
Alameda,Fruitvale/Melrose/Oakland Airport,47,46,7.608,6.687,-12.105678233438478,0.27063337734942516,Lower
Alameda,Hayward Central,45,54,7.828,8.822,12.698007153806833,0.2797933803832908,No Diff
Alameda,Livermore Central and West/Spring Town,37,32,12.84,10.56,-17.757009345794387,0.21456492259747406,No Diff
Alameda,Oakland West Central,34,49,7.728,10.22,32.24637681159422,0.10931589863087865,No Diff
Alameda,San Leandro West/San Lorenzo West/Hayward West,30,42,5.987,7.482,24.970770001670285,0.17722224696985556,Lower
Alpine,Alpine Village/Bear Valley/Kirkwood/Markleeville/Mesa Valley/Woodfords,1,NA,62.03,NA,NA,NA,NA
Amador,Ione/Jackson/Pine Grove/Sutter Creek,31,35,19.65,21.32,8.498727735368966,0.37813081466544385,Higher
Amador,Pioneer,9,9,43.5,38.74,-10.942528735632179,0.42361304826717683,Higher
Amador,Plymouth,6,2,25.37,4.434,-82.52266456444619,0.0995590723236337,Lower
Butte,Berry Creek/Brownsville/Concow/Feather Falls/Forbestown,8,8,29.22,22.93,-21.526351813826142,0.33235545842177006,No Diff
Butte,Biggs/East Biggs/Gridley,3,13,3.767,18.47,390.31059198301034,0.005983230970265874,No Diff
Butte,Butte Meadows/Cohasset/Forest Ranch,8,4,25.46,15.87,-37.66692851531815,0.24782582021987842,No Diff
Butte,Capay/Lake/Nord,5,5,16.96,11.84,-30.188679245283023,0.3142981105841217,No Diff
Butte,Chapmantown/Chico,70,76,16.19,16.08,-0.6794317479926064,0.48423389661933236,Higher
Butte,Durham,5,3,17.9,7.445,-58.40782122905027,0.12651227920259955,No Diff
Butte,Magalia/Paradise/Stirling City,57,43,24.97,20.81,-16.659991990388466,0.2079797080506962,Higher
Butte,Oroville/Palermo/Thermalito,34,45,14.05,17.37,23.629893238434164,0.18524215407217304,Higher
Calaveras,Angels Camp/Arnold/Copperopolis/Mountain Ranch/Murphys/San Andreas/Valley Springs/West Point,49,51,18.59,19.7,5.970952124798275,0.39931453482269263,Higher
Colusa,Arbuckle/Grimes,4,5,19.91,21.89,9.944751381215472,0.44647320024000126,No Diff
Colusa,Colusa,3,8,6.98,23.25,233.0945558739255,0.04184696263827403,No Diff
Colusa,Loduga/Maxwell/Princeton/Stonyford,3,4,28.84,34,17.891816920943135,0.41743872780975433,No Diff
Colusa,Williams,4,NA,13.17,NA,NA,NA,NA
Contra Costa,Alamo/Danville/Diablo/San Ramon,48,44,7.104,5.673,-20.14358108108108,0.15296972094548056,Lower
Contra Costa,Antioch North and West/Nichols/Pittsburg Central and East/West Pittsburg,63,57,13.51,10.99,-18.652849740932638,0.13357220233325995,No Diff
Contra Costa,Avon/Clyde/Concord Central/Pittsburg Southwest,50,51,10.4,9.406,-9.557692307692305,0.31175278282513563,No Diff
Contra Costa,Brentwood Central and West/Oakley,53,60,8.422,8.569,1.745428639278084,0.46426209605262536,No Diff
Contra Costa,Brentwood East/Byron/Discovery Bay/Knightsen,31,35,11.43,11.75,2.7996500437445344,0.45623577298387075,No Diff
Contra Costa,Clayton/Concord South/Walnut Creek Central and East,47,61,8.457,11.48,35.745536242166246,0.06362885207018054,No Diff
Contra Costa,Concord West/Martinez East/Martinez Waterfront/Pacheco/Pleasant Hill East,48,42,12.66,9.658,-23.712480252764617,0.10697501513779883,No Diff
Contra Costa,Crockett/Hercules/Martinez West/Pinole/Port Costa/Richmond Northeast/Rodeo,51,44,11.41,9.47,-17.00262927256792,0.1906983584611207,No Diff
Contra Costa,El Cerrito/El Sobrante/Kensington/Richmond North/Richmond Southeast/Wildcat Canyon,57,39,13.02,8.542,-34.39324116743472,0.023398649322708742,No Diff
Contra Costa,Lafayette/Martinez South/Moraga/Orinda/Pleasant Hill/Rheem Valley/Rossmoor Leisure World/Walnut Creek Southwest,70,65,10.4,10.28,-1.1538461538461633,0.4757058160130878,No Diff
Contra Costa,Richmond Central/San Pablo Central,46,51,9.391,9.945,5.899265253966567,0.3902696069352948,No Diff
Del Norte,Crescent City/Gasquet/Klamath/Smith River,25,25,17.76,15.6,-12.162162162162172,0.3288479008488371,No Diff
El Dorado,Cameron Park/El Dorado Hills/Shingle Springs,47,46,13.55,12.91,-4.723247232472328,0.4130802533403928,No Diff
El Dorado,Camino/Pollock Pines,33,27,31.63,18.34,-42.017072399620616,0.03138694540187292,Higher
El Dorado,Cool/Diamond Springs/Latrobe/Pilot Hill/Placerville,46,35,15.13,11.95,-21.017845340383353,0.1651083241440322,No Diff
El Dorado,Garden Valley/Georgetown/Greenwood/Kelsey/Volcanoville,14,8,21.17,10.63,-49.787435049598486,0.0748937457914649,No Diff
El Dorado,South Lake Tahoe,23,29,15.2,19.46,28.026315789473696,0.19897785928103817,Higher
Fresno,Auberry/Calwa/Centerville/Clovis East/Del Rey/Fowler/Friant/Sanger/Shaver Lake,38,63,8.362,12.14,45.1805788088974,0.03390886578621366,No Diff
Fresno,Biola/Herndon/Highway City/Kerman,6,20,3.622,9.486,161.89950303699615,0.01236704655942289,No Diff
Fresno,Bowles/Caruthers/Easton/Kingsburg/Lanare/Laton/Raisin City/Riverdale/Selma,25,31,5.632,6.814,20.987215909090917,0.24225796929699062,Lower
Fresno,Cantua Creek/San Joaquin/Tranquility,3,1,10.22,3.582,-64.95107632093934,0.1719628941101119,Lower
Fresno,Clovis West/Fresno East,39,60,7.909,11.57,46.289037805032244,0.03314007815610309,No Diff
Fresno,Coalinga,8,9,6.848,11.86,73.18925233644859,0.15093887988182608,No Diff
Fresno,Firebaugh/Mendota,6,2,5.383,1.853,-65.57681590191343,0.08761860379573816,Lower
Fresno,Fresno East Central,32,54,6.979,12.63,80.97148588623013,0.0046358861256279305,No Diff
Fresno,Fresno North Central,34,48,8.923,12.34,38.29429564047966,0.08222631600288577,No Diff
Fresno,Fresno Northwest,54,63,7.78,9.011,15.822622107969138,0.21879934644061005,No Diff
Fresno,Fresno South and West,38,47,9.394,10.39,10.602512241856509,0.32582884982979066,No Diff
Fresno,Fresno West Central,28,55,7.25,14.13,94.89655172413795,0.0021714262767632553,Higher
Fresno,Huron,NA,3,NA,7.893,NA,NA,No Diff
Fresno,Orange Cove/Parlier/Reedley/Squaw Valley/Tivy Valley/Wonder Valley,19,18,6.952,6.361,-8.501150747986195,0.39528459836888574,Lower
Glenn,Artois/Elk Creek/Glenn/Grindstone Indian Rancheria/Willows,7,13,12.11,20.54,69.61189099917424,0.13373996349543693,Higher
Glenn,Hamilton City,2,3,14.63,15.73,7.5187969924812,0.46956594549234965,No Diff
Glenn,Orland,1,15,1.639,22.61,1279.4996949359365,3.4340060406024e-4,Higher
Humboldt,Arcata/Eureka,82,79,21.1,21.93,3.9336492890995176,0.40707971273290344,Higher
Humboldt,Bluelake/McKinleyville/Orick/Trinidad,20,27,15.81,21.33,34.914611005692585,0.16062603186872437,Higher
Humboldt,Ferndale/Fortuna/Rio Dell/Scotia,28,22,20.11,16.02,-20.33814022874192,0.22066083797318903,No Diff
Humboldt,Garberville/Redway,4,7,14.52,15.94,9.77961432506887,0.44550026094409345,No Diff
Humboldt,Hoopa/Willow Creek,2,2,6.95,6.285,-9.568345323741006,0.4600290862892662,No Diff
Imperial,Bard/Winterhaven,1,1,7.474,20.72,177.22772277227722,0.2738004944318253,No Diff
Imperial,Bombay Beach/Calipatria/Desert Shores/Niland/Salton City/Salton Sea Beach,8,11,9.934,13.46,35.4942621300584,0.25709064891669375,No Diff
Imperial,Brawley/Westmorland,10,9,7.25,6.8,-6.20689655172414,0.44508991214721005,No Diff
Imperial,Calexico/Ocotillo,12,11,5.082,5.078,-0.07870916961825186,0.49925733223802693,Lower
Imperial,El Centro/Heber/Holtville/Imperial/Seeley,17,36,4.536,8.753,92.96737213403883,0.011407898469523392,No Diff
Inyo,Aberdeen/Big Pine/Big Pine Reservation/Fort Independence Indian/Independence,4,1,23.57,3.231,-86.29189647857446,0.052187028574227634,Lower
Inyo,Alabama Hills/Cartago/Darwin/Keeler/Lone Pine/Lone Pine Paiute Shoshone Tribe/Olancha/Pearsonville,1,4,4.368,19.94,356.5018315018315,0.08493316534729467,No Diff
Inyo,Bishop/Bishop Paiute Tribe/Mustang Mesa/Round Valley/West Bishop/Wilkerson,12,10,17.74,11.46,-35.40022547914317,0.18413808778615026,No Diff
Kern,Alta Sierra/Bodfish/Glennville/Kernville/Lake Isabella/Weldon/Wofford Heights,28,41,27.08,44.14,62.99852289512557,0.05382714778395559,Higher
Kern,Arvin/Lamont/Weed Patch,8,11,6.922,7.099,2.557064432245023,0.4811108956706146,No Diff
Kern,Bakersfield East/Lakeview/La Loma,57,67,9.46,10.44,10.359408033826622,0.29757792937446315,No Diff
Kern,Bakersfield Northeast/Oildale,70,96,14.05,18.38,30.81850533807828,0.04578072173482961,Higher
Kern,Bakersfield Northwest/Rosedale,53,78,9.521,12.39,30.133389349858202,0.07105754718645785,No Diff
Kern,Bakersfield Southwest,49,83,7,10.38,48.28571428571429,0.015892777434917682,No Diff
Kern,Bear Valley Springs/Keene/Stallion Springs/Tehachapi,29,37,14.16,19.91,40.60734463276836,0.0917066207892292,Higher
Kern,Blackwells Corners/Ford City/Maricopa/McKittrick/Taft,12,17,11.43,16.13,41.11986001749781,0.18141540491683605,No Diff
Kern,Boron/California City/Desert Lake/Mojave/North Edwards/Rosamond,32,37,15.17,15.98,5.3394858272907095,0.4166287036625165,Higher
Kern,Buttonwillow,NA,2,NA,9.642,NA,NA,No Diff
Kern,Delano/McFarland,15,22,4.926,5.954,20.868859114900516,0.2927008393913032,Lower
Kern,Fort Tejon/Frazier Park/Lebec/Pine Mountain,6,12,15.01,27.85,85.542971352431735,0.11814167807087661,Higher
Kern,Inyokern/Ridgecrest,30,30,17.07,15.54,-8.963093145869953,0.36149286589857477,Higher
Kern,Lost Hills/Wasco,9,12,7.27,6.617,-8.98211829436038,0.4241076590726206,Lower
Kern,Shafter,14,12,13.63,11.79,-13.499633162142345,0.36325375677746297,No Diff
Kings,Armona/Hanford/Lemoore,40,65,7.875,12.5,58.73015873015873,0.011113443300340364,No Diff
Kings,Avenal,3,3,4.224,3.72,-11.931818181818182,0.4389831400791062,Lower
Kings,Corcoran/Kettleman City/Stratford,9,11,4.763,8.154,71.19462523619568,0.12966451187633177,No Diff
Lake,Clearlake/Clearlake Oaks,33,31,34.29,30.79,-10.20705745115194,0.34199696511225963,Higher
Lake,Cobb/Hidden Valley/Middletown,10,19,13.86,33.32,140.40404040404042,0.02212747941567239,Higher
Lake,Kelseyville/Lakeport,15,21,19.96,24.68,23.64729458917835,0.2789832538568633,Higher
Lake,Lower Lake,11,12,17.14,26.5,54.60910151691949,0.17395854347159756,Higher
Lake,Lucerne/Nice/Upper Lake,16,7,30.2,14.65,-51.49006622516556,0.0692196644074542,No Diff
Lassen,Bieber/Madeline/Nubieber,1,1,5.74,36.01,527.3519163763066,0.20323547882044668,No Diff
Lassen,Doyle,2,4,9.702,19.08,96.66048237476808,0.21757609722058469,No Diff
Lassen,Susanville,11,23,7.78,18.48,137.53213367609254,0.009998048505436952,Higher
Lassen,Westwood,NA,3,NA,25.83,NA,NA,No Diff
Los Angeles,Acton/Ravenna,14,15,17.35,27.36,57.694524495677214,0.13600117526054634,Higher
Los Angeles,Agoura Hills/Calabasas/Hidden Hills/West Hills/Westlake,84,54,13.99,8.163,-41.65117941386705,0.0018290702585663787,Lower
Los Angeles,Alhambra/El Sereno South/San Gabriel Central,37,52,6.139,8.45,37.64456751913991,0.07056116578940919,No Diff
Los Angeles,Altadena East/Angeles National Forest East/Azusa North/Duarte North/Glendora/Pasadena East,49,43,10.3,7.763,-24.631067961165055,0.09567064957043725,Lower
Los Angeles,Altadena West/Pasadena Northwest,32,26,6.73,5.113,-24.02674591381872,0.15183600546461284,Lower
Los Angeles,Angeles National Forest West/Kagel Canyon/Lake View Terrace/San Fernando East/Sylmar,27,50,5.205,9.335,79.34678194044189,0.006899991287075968,No Diff
Los Angeles,Arcadia Central and Northeast/Bradbury/Monrovia/Sierra Madre,40,49,7.305,8.806,20.547570157426414,0.19465249994364775,No Diff
Los Angeles,Arcadia Southeast/San Gabriel North,42,26,7.537,4.276,-43.26655167838663,0.013659839814448516,Lower
Los Angeles,Arleta/Pacoima West/Panorama City/San Fernando West,22,36,3.634,5.428,49.36708860759494,0.06967485633117221,Lower
Los Angeles,Asuza/Charter Oak/Covina,45,45,7.884,7.03,-10.832064941653982,0.2959343307581854,Lower
Los Angeles,Athens/Gardena Northeast/Harbor Gateway North,15,20,3.654,4.484,22.714833059660645,0.27629954791273403,Lower
Los Angeles,Atwater Village/Glendale Central/Glendale Southwest/Griffith Park,36,34,6.433,6.007,-6.6221047722679955,0.3890612356709149,Lower
Los Angeles,Avalon,NA,1,NA,2.913,NA,NA,Lower
Los Angeles,Baldwin Hills/Culver City South/Fox Hills/Ladera Heights/Marina del Rey/View Park/Windsor Hills,55,48,7.747,6.52,-15.838389053827292,0.1968528026011711,Lower
Los Angeles,Baldwin Park/Irwindale,31,19,6.125,3.623,-40.84897959183673,0.036517907682883655,Lower
Los Angeles,Bassett/Industry West/La Puente,34,35,5.864,5.322,-9.242837653478851,0.34524132608593405,Lower
Los Angeles,Bel Air/Beverly Glen/Beverly Hills/Brentwood/Malibu/Pacific Palisades/Santa Monica Northwest/Topanga,62,43,9.762,7.728,-20.83589428395821,0.14015484312725468,Lower
Los Angeles,Bell Northeast/Bell Gardens/Commerce/Maywood/Montebello South,20,24,3.907,4.049,3.634502175582297,0.454323010927548,Lower
Los Angeles,Bell Southwest/Cudahy/Vernon,15,12,4.33,3.556,-17.875288683602772,0.3136604140228545,Lower
Los Angeles,Bellflower/Paramount South,26,35,5.725,7.342,28.24454148471616,0.17192616825068519,Lower
Los Angeles,Belmont Shore/Long Beach East/Long Beach Shoreline/Los Altos/Naples,70,82,9.745,11.71,20.1641867624423,0.13299563286517313,No Diff
Los Angeles,Bixby Knolls/Long Beach Central,61,74,10.49,12.68,20.87702573879885,0.13900774989783626,No Diff
Los Angeles,Boyle Heights Central/City Terrace West,11,24,2.235,5.221,133.60178970917227,0.009940321870117064,Lower
Los Angeles,Boyle Heights Northwest/Chinatown/Downtown Northwest/Little Tokyo/Westlake,39,43,7.656,7.259,-5.1854754440961255,0.4074122041520687,Lower
Los Angeles,Burbank North/North Hollywood South,79,66,11.7,8.699,-25.649572649572647,0.04046446099900214,No Diff
Los Angeles,Burbank South/Eagle Rock/Glendale Northwest,46,40,7.909,6.634,-16.120874952585655,0.21259189666074652,Lower
Los Angeles,Canoga Park Northeast/Winnetka,38,34,8.442,6.861,-18.727789623312017,0.19496509082196511,Lower
Los Angeles,Canyon Country/Santa Clarita West/Saugus,49,65,7.345,10.11,37.644656228727015,0.05130597102327905,No Diff
Los Angeles,Carson/Compton West/Rancho Dominguez,35,27,6.645,4.769,-28.231753197893145,0.10112547595489108,Lower
Los Angeles,Castaic/Val Verde,8,10,8.123,7.568,-6.832451064877505,0.4446397324698176,No Diff
Los Angeles,Century City/Cheviot Hills/Rancho Park/West Los Angeles/Westwood,65,59,10.14,8.702,-14.181459566074956,0.20759847456228842,No Diff
Los Angeles,Cerritos/Hawaiian Gardens,35,56,6.077,9.418,54.977785091327945,0.021473247549939956,No Diff
Los Angeles,Chatsworth,52,63,9.147,9.823,7.390401224445176,0.3551155018943437,No Diff
Los Angeles,City Terrace East/East Los Angeles,22,17,4.331,3.585,-17.224659432001857,0.2820956354108429,Lower
Los Angeles,Claremont/La Verne/Pomona Northwest/San Dimas,46,52,7.074,7.987,12.906417868249934,0.28244030452697877,Lower
Los Angeles,Compton East,14,19,3.058,4.39,43.55788096795291,0.16792142754742811,Lower
Los Angeles,Country Club Park/Koreatown/Mid-City East,72,82,10.24,11.63,13.574218750000005,0.22075461604207725,No Diff
Los Angeles,Crenshaw/Culver City East/Mid-City South/West Adams,18,37,3.044,6.54,114.84888304862024,0.003784201496044415,Lower
Los Angeles,Culver City North/Palms,48,47,9.623,9.502,-1.2574041359243342,0.47606963671805036,No Diff
Los Angeles,Del Aire/Inglewood West/Los Angeles International Airport,34,35,6.941,6.436,-7.275608701916148,0.3798819163774989,Lower
Los Angeles,Desert View Highlands/Lancaster West/Palmdale Northwest/Quartz Hill,56,44,11.11,8.299,-25.301530153015303,0.07946200352923927,No Diff
Los Angeles,Diamond Bar/Industry East/Phillips Ranch/Pomona West/Walnut,31,44,5.202,7.206,38.52364475201846,0.08833192098552567,Lower
Los Angeles,Downey Northeast,22,27,5.41,6.656,23.031423290203318,0.23699521080944375,Lower
Los Angeles,Downey Southwest/Lynwood North Central/South Gate East,22,29,4.247,6.263,47.46880150694608,0.08940530749386166,Lower
Los Angeles,Downtown Southeast/Florence North,34,33,7.93,6.647,-16.179066834804534,0.24567640343447672,Lower
Los Angeles,Echo Park/Hollywood North Central/Silverlake South,39,43,8.201,9.693,18.192903304475053,0.22987009589496887,No Diff
Los Angeles,El Monte/Five Points,25,38,5.238,7.406,41.38984345169911,0.09114838898283562,Lower
Los Angeles,El Sereno North/Highland Park/Montecito Heights/Monterey Hills,25,44,4.038,6.968,72.56067360079247,0.01419279168384735,Lower
Los Angeles,Elizabeth Lake/Gorman/Green Valley/Lake Hughes/Leona Valley/Neenach,14,17,10.46,13.34,27.53346080305926,0.2557351400716854,No Diff
Los Angeles,Encino/Tarzana/Warner Center/Woodland Hills,46,51,8.671,9.369,8.049821243224546,0.35831115292952176,No Diff
Los Angeles,Exposition Park/Leimert Park,15,25,3.517,4.949,40.71651976116008,0.14964848428312094,Lower
Los Angeles,Firestone/Florence South/Watts,27,28,4.501,4.097,-8.975783159297931,0.37092777308160363,Lower
Los Angeles,Gardena Southeast/Harbor Gateway Central/Lawndale South/Moneta/Redondo Beach North/Torrance North,56,39,9.435,6.142,-34.90196078431372,0.02071672903482824,Lower
Los Angeles,Gardena West/Hawthorne,18,22,5.121,5.361,4.686584651435253,0.4454000686162498,Lower
Los Angeles,Glassell Park/Glendale Southeast/Silverlake North,23,29,4.421,5.571,26.012214431124164,0.20640202530088014,Lower
Los Angeles,Glendale Northeast/La Canada-Flintridge/La Crescenta/Montrose/Sunland/Tujunga/Verdugo City,50,61,8.127,10.11,24.400147655961593,0.1354878040621731,No Diff
Los Angeles,Granada Hills/Mission Hills/Porter Ranch,35,43,7.224,8.503,17.70487264673311,0.24418250604976866,No Diff
Los Angeles,Hacienda Heights/Industry Central,41,33,6.916,6.018,-12.984384037015623,0.2797489141091418,Lower
Los Angeles,Hancock Park/Mid-City West/Park La Brea,65,47,9.628,6.943,-27.887411715828836,0.04673609693458236,Lower
Los Angeles,Harbor Gateway South/Lomita/Torrance East Central,60,66,10.04,10.41,3.6852589641434363,0.42022062484741807,No Diff
Los Angeles,Hermosa Beach/Lawndale North/Manhattan Beach/Redondo Beach North,35,52,6.903,9.833,42.445313631754324,0.055135033319530846,No Diff
Los Angeles,Hollywood Hills/Hollywood West/Mount Olympus/West Hollywood,68,68,13.09,12.01,-8.25057295645531,0.3136761903055407,No Diff
Los Angeles,Hollywood South Central/Inner Sunset,37,45,6.251,7.363,17.789153735402337,0.23390420859823458,Lower
Los Angeles,Huntington Park/South Gate West/Walnut Park,20,25,4.442,5.028,13.192255740657346,0.3455125583291019,Lower
Los Angeles,Inglewood East/Lennox,24,7,6.372,1.715,-73.08537350910233,8.139683364015715e-4,Lower
Los Angeles,Juniper Hills/Littlerock/Longview/Pearblossom/Valyermo,17,8,24.16,9.761,-59.598509933774835,0.021554185209356258,No Diff
Los Angeles,La Habra Heights/Whittier,36,35,8.151,7.318,-10.219604956447064,0.3270380229122536,Lower
Los Angeles,La Mirada/Santa Fe Springs South,37,51,6.84,9.055,32.38304093567252,0.10209206952475014,No Diff
Los Angeles,Lake Los Angeles,13,17,14.23,18.22,28.039353478566397,0.25525598547388273,Higher
Los Angeles,Lancaster Central/Palmdale North Central,43,60,9.24,12.02,30.08658008658008,0.09692423296471564,No Diff
Los Angeles,Long Beach Port/San Pedro East/Wilmington,38,43,7.097,7.77,9.482880090178936,0.3440036085472131,Lower
Los Angeles,Long Beach West Central,41,57,7.984,10.87,36.147294589178344,0.07530557401961402,No Diff
Los Angeles,Los Nietos/Santa Fe Springs Northeast,30,37,7.034,7.883,12.069945976684677,0.32287764852120937,Lower
Los Angeles,Mar Vista/Ocean Park/Santa Monica South/Venice,60,42,14.78,9.818,-33.572395128552095,0.023069596262280667,No Diff
Los Angeles,Miraleste/Palo Verdes Estates/Portuguese Bend/Rancho Palos Verdes/Rolling Hills/San Pedro West,72,71,11.1,9.5,-14.414414414414413,0.1947147632969649,No Diff
Los Angeles,Montebello North/Monterey Park/South San Gabriel,29,18,6.044,4.301,-28.838517538054262,0.1332267522867947,Lower
Los Angeles,Newhall/Santa Clarita East/Valencia,48,59,8.657,9.368,8.213006815293983,0.3453231391432381,No Diff
Los Angeles,North Hills/Northridge North,37,37,7.074,5.949,-15.903307888040713,0.23225743032878776,Lower
Los Angeles,North Hollywood Central and North,31,41,6.396,7.512,17.448405253283298,0.2538092765926626,Lower
Los Angeles,North Long Beach,29,32,8.16,7.37,-9.681372549019608,0.3570966930104865,Lower
Los Angeles,Northridge South/Reseda North,44,36,8.114,6.273,-22.689179196450592,0.12942010777135127,Lower
Los Angeles,Norwalk/Studebaker,29,40,5.563,7.354,32.19485888908863,0.1272690654267793,Lower
Los Angeles,Pacoima East/Sun Valley West,33,37,6.53,6.985,6.967840735068913,0.3913036714886926,Lower
Los Angeles,Palmdale Central,43,41,9.965,8.426,-15.444054189663822,0.23213134943801572,No Diff
Los Angeles,Paramount North/Willowbrook,26,29,4.245,4.211,-0.8009422850412204,0.48877380779993174,Lower
Los Angeles,Pasadena South/San Marino/South Pasadena,41,41,7.053,7.506,6.4227988090174435,0.391838743264183,Lower
Los Angeles,Pico-Union,42,50,6.163,6.657,8.015576829466164,0.3605034595185277,Lower
Los Angeles,Pico Rivera/Santa Fe Springs Northwest,26,32,5.054,6.254,23.743569449940626,0.21155505122665996,Lower
Los Angeles,Pomona East and South,33,44,6.34,7.91,24.763406940063096,0.17590557596609635,Lower
Los Angeles,Redondo Beach Central and South/Torrance West Central,52,57,9.501,10.99,15.672034522681834,0.22900417920059657,No Diff
Los Angeles,Reseda South/Van Nuys Southwest,52,45,10.4,8.532,-17.961538461538463,0.1690229960947437,No Diff
Los Angeles,Rosemead/San Gabriel South/South El Monte West/Temple City West,28,29,6.057,6.198,2.3278850916295197,0.466062498541739,Lower
Los Angeles,Santa Monica Central/Sawtelle/West Los Angeles,47,40,10.75,8.473,-21.181395348837203,0.14376009101881593,No Diff
Los Angeles,Sherman Oaks/Studio City/Valley Village,82,81,11.61,10.5,-9.560723514211881,0.2672613600498398,No Diff
Los Angeles,South Central Northeast,23,30,3.765,4.719,25.3386454183267,0.21111437221740692,Lower
Los Angeles,South Central Northwest,18,26,4.767,6.702,40.59156702328507,0.1343776110057694,Lower
Los Angeles,South Central Southwest,18,17,4.383,3.76,-14.214008669860831,0.32780630810282996,Lower
Los Angeles,Valinda/West Covina,35,43,5.464,6.599,20.7723279648609,0.20616774772954627,Lower
Los Angeles,Van Nuys Central,31,42,6.458,7.542,16.785382471353355,0.26018655129327384,Lower
Madera,Chowchilla,9,8,6.855,6.799,-0.8169219547775354,0.4934242837440822,No Diff
Madera,Madera,44,49,10.16,10.42,2.559055118110234,0.45229072687357086,No Diff
Madera,Oakhurst/Yosemite Lakes,35,35,23.6,25.62,8.559322033898303,0.3795308651584841,Higher
Marin,Angel Island/Belvedere/Marin City/Sausalito/Strawberry Manor/Tiburon,33,50,10.67,14.07,31.865042174320532,0.12930599982930413,Higher
Marin,Bel Marin Keys/Black Point/Ignacio/Novato/San Rafael East/Santa Venetia,74,65,12.47,11.34,-9.061748195669614,0.2940195787674126,No Diff
Marin,Bolinas/Dillon Beach/Inverness/Point Reyes Station/Stinson Beach/Tomales,11,9,15.57,10.51,-32.498394348105336,0.2202936025636567,No Diff
Marin,Corte Madera/Fairfax/Kentfield/Larkspur/Marinwood/Mill Valley/Ross/San Anselmo/San Rafael West/Terra Linda,56,65,10.61,12.82,20.829406220546662,0.16930477510210085,No Diff
Mariposa,Bootjack/Catheys Valley/Coulterville/Don Pedro/El Portal/Fish Camp/Mariposa,23,26,25.47,36.22,42.20651747153514,0.14652263349624295,Higher
Mendocino,Anchor Bay/Gualala/Manchester/Point Arena,2,7,6.976,23.26,233.42889908256885,0.06770640350808743,No Diff
Mendocino,Boonville/Navarro/Philo/Yorkville,2,3,12.41,19.09,53.82755842062853,0.3193874608765146,No Diff
Mendocino,Brooktrails/Pine Mountain/Willits,14,14,22.63,26.79,18.382677861246133,0.33782068096031403,Higher
Mendocino,Covelo/Dos Rios,1,4,17.12,37.96,121.72897196261681,0.21443244908556536,No Diff
Mendocino,Elk/Little River/Mendocino,8,13,17.3,36.93,113.46820809248554,0.07752909084195658,Higher
Mendocino,Fort Bragg/Westport,14,21,19.33,30.43,57.42369374030007,0.10515217787776199,Higher
Mendocino,Hopland,3,2,22.98,25.94,12.880765883376855,0.45070438032749205,No Diff
Mendocino,Laytonville/Leggett/Piercy,6,4,38.39,23.8,-38.0046887210211,0.2427103993834061,No Diff
Mendocino,Potter Valley,2,2,22.87,30.04,31.351114997813717,0.40167937830751055,No Diff
Mendocino,Redwood Valley,1,8,1.421,23.24,1535.4679802955666,0.006602638582372422,No Diff
Mendocino,Talmage,2,4,11.52,20.79,80.46875,0.25472532108651147,No Diff
Mendocino,Ukiah,34,18,23.05,12.81,-44.42516268980477,0.021362912264492273,No Diff
Merced,Atwater/Snelling/Winton,24,19,10.89,7.565,-30.532598714416896,0.12190583319349291,No Diff
Merced,Ballico/Cressey/Delhi/Hilmar/Livingston,17,13,9.709,7.107,-26.799876403337105,0.20191900586301348,No Diff
Merced,Dos Palos/Gustine/Los Banos,31,24,11.25,8.637,-23.226666666666663,0.16978088771062794,No Diff
Merced,El Nido/Merced Southwest,8,8,6.603,7.328,10.979857640466463,0.42157272236015775,No Diff
Merced,Le Grand/Planada,2,3,5.483,9.123,66.3870144081707,0.28902162808225673,No Diff
Merced,Merced Central and North/Merced Southeast,40,52,12.14,14.01,15.403624382207571,0.2515476516831031,Higher
Modoc,Adin/Lookout/Newell,2,1,11.88,16.75,40.993265993265986,0.3985159172304642,No Diff
Modoc,Alturas/Canby,2,2,7.139,10.83,51.701919036279584,0.34631328368200187,No Diff
Modoc,Surprise Valley,NA,1,NA,8.383,NA,NA,No Diff
Mono,Benton/Bridgeport/Chalfant/Crowley Lake/Coleville/Hammill Valley/June Lake/Lee Vining/Paradise/Sunny Slopes/Topaz/Walker,5,5,16.33,18.51,13.34966319657075,0.43154785310417243,No Diff
Mono,Mammoth Lakes,NA,3,NA,36.58,NA,NA,NA
Monterey,Aromas/Las Lomas/Pajaro/Prunedale,19,17,8.743,6.816,-22.040489534484735,0.23530477392963256,Lower
Monterey,Big Sur/Lucia,NA,1,NA,17.23,NA,NA,No Diff
Monterey,Bradley/San Ardo,1,5,4.374,20.14,360.4481024234111,0.06194211065095179,No Diff
Monterey,Carmel Valley/Castroville/Marina/Moss Landing/Ord,25,35,8.947,12.36,38.146864870906455,0.11534182945359284,No Diff
Monterey,Carmel/Del Rey Oaks/Monterey/Pacific Grove/Sand City/Seaside,60,55,10.8,9.636,-10.777777777777791,0.28161748324190705,No Diff
Monterey,Chualar/Gonzalez/Greenfield/Soledad,7,11,2.634,4.278,62.41457858769931,0.16329962523264618,Lower
Monterey,King City/San Lucas,9,5,12.92,5.688,-55.97523219814242,0.08424992122514974,Lower
Monterey,Salinas/Spreckels,50,54,7.225,7.716,6.795847750865059,0.37239181434794266,Lower
Napa,American Canyon,8,10,8.39,9.243,10.166865315852203,0.42021293646896674,No Diff
Napa,Angwin/Deer Park/St. Helena,7,7,12.26,10.5,-14.355628058727568,0.39247261665488076,No Diff
Napa,Berryessa,1,1,10.31,9.049,-12.230843840931145,0.46337930713886477,No Diff
Napa,Calistoga,1,7,1.77,16.7,843.5028248587571,0.01257848575366205,No Diff
Napa,Napa Central,43,32,12.85,8.897,-30.762645914396884,0.060641200587237876,No Diff
Napa,Napa Northeast/Rutherford/Yountville,24,17,14.35,8.356,-41.77003484320557,0.06115080007892448,No Diff
Nevada,Grass Valley/Nevada City/Penn Valley/Rough and Ready/Wildwood,78,82,20.37,17.62,-13.500245459008346,0.2124753467662266,Higher
Nevada,North Bloomfield/North San Juan/Truckee,18,15,16.2,16.05,-0.9259259259259172,0.4906161800245409,No Diff
Orange,Aliso Viejo/Laguna Hills/Laguna Niguel,76,84,10.97,12.1,10.300820419325424,0.27434960239978623,No Diff
Orange,Anaheim Central,35,32,8.238,6.266,-23.9378489924739,0.1418136774270211,Lower
Orange,Anaheim East/City of Orange North/Placentia Southwest,49,60,8.469,9.407,11.075687802574103,0.2952379256384574,No Diff
Orange,Anaheim Hills/City of Orange East/Villa Park,56,61,8.956,9.104,1.6525234479678395,0.46575071651389677,No Diff
Orange,Anaheim West,35,46,5.851,7.095,21.26132285079473,0.19778281788359586,Lower
Orange,Brea East/Placentia Central and North/Yorba Linda,55,65,7.81,8.323,6.568501920614607,0.366159228506459,Lower
Orange,Brea West/Fullerton North/La Habra,46,43,8.035,7.166,-10.815183571873053,0.2969126239614337,Lower
Orange,Buena Park/La Palma,34,30,8.574,6.96,-18.82435269419174,0.20526621763463737,Lower
Orange,City of Orange South/Santa Ana North/Tustin Foothills/Tustin West,52,65,7.676,8.885,15.750390828556535,0.21794354551297324,No Diff
Orange,Costa Mesa,63,63,11.54,10.65,-7.712305025996525,0.3303919417757344,No Diff
Orange,Coto de Caza/Las Flores/Mission Viejo Northwest/Rancho Santa Margarita/Trabuco Canyon,70,76,10.72,10.5,-2.052238805970155,0.4515003120785396,No Diff
Orange,Cypress/Los Alamitos/Rossmoor,39,57,6.081,9.125,50.05755632297319,0.02816772797386946,No Diff
Orange,Dana Point/San Clemente/San Juan Capistrano,70,81,11.46,12.31,7.417102966841184,0.3372081821334738,No Diff
Orange,Foothill Ranch/IrvineNortheast/Lake Forest West/Portola Hills/Tustin East,40,56,6.835,8.488,24.184345281638617,0.15146944414613617,No Diff
Orange,Fountain Valley/Huntington Beach Central,43,46,9.964,10.29,3.2717784022480805,0.441432287527291,No Diff
Orange,Fullerton Central and South,70,48,13.22,8.45,-36.08169440242058,0.008986648489586635,No Diff
Orange,Garden Grove North/Stanton,37,60,6.275,8.546,36.19123505976094,0.06865015293959142,No Diff
Orange,Garden Grove South/Santa Ana West,47,39,8.252,6.112,-25.933107125545327,0.08596085526386654,Lower
Orange,Huntington Beach North/Seal Beach East/Westminster,59,46,9.052,6.689,-26.10472823685373,0.06388181782384761,Lower
Orange,Huntington Beach South,36,61,7.994,12.98,62.37177883412561,0.011509780544336712,No Diff
Orange,Huntington Beach West/Seal Beach West,51,80,10.03,14.41,43.668993020937194,0.028119090492237375,Higher
Orange,Irvine Central/Tustin East,31,46,6.843,8.92,30.35218471430659,0.12765431977757924,No Diff
Orange,Irvine South/Newport Beach/Newport Coast/San Joaquin Hills,97,83,12.02,9.292,-22.695507487520796,0.04669518930422634,No Diff
Orange,Laguna Beach/Laguna Woods,71,71,14.7,14.31,-2.6530612244897878,0.4448159705469479,Higher
Orange,Lake Forest East/Mission Viejo Central and South,49,61,8.197,10.28,25.41173600097597,0.1253477581653848,No Diff
Orange,Santa Ana Central,16,27,3.515,5.315,51.20910384068279,0.11138201026154293,Lower
Orange,Santa Ana South,28,40,5.138,6.791,32.172051381860655,0.13777825836912627,Lower
Placer,Auburn/Newcastle/Lincoln/Sheridan,48,71,10.17,12.78,25.663716814159287,0.12308628820210854,No Diff
Placer,Colfax/Meadow Vista,34,28,22.34,14.94,-33.12444046553268,0.08685280334761492,No Diff
Placer,Dollar Point/Kings Beach/Sunnyside/Tahoe City/Tahoe Vista,15,8,18.2,14.07,-22.692307692307686,0.2804674008038651,No Diff
Placer,Foresthill,7,10,26.78,33.35,24.533233756534727,0.34878701136992163,Higher
Placer,Rocklin/Granite Bay,65,52,11.37,8.513,-25.12752858399296,0.06549484417105034,No Diff
Placer,Roseville,72,59,13.34,9.782,-26.671664167916038,0.04069074183561083,No Diff
Plumas,Bailey Creek/Canyondam/Chester/Eastshore/Foxwood/Hamilton Branch/Lake Almanor Peninsula/Lake Almanor Peninsula/Lake Almanor West/Prattville/Warner Valley,2,3,8.697,9.872,13.510405887087511,0.4474551141623211,No Diff
Plumas,Beckwourth/Chilcoot/Crocker Mountain/Delleker/Iron Horse/Lake Davis/Maybe/Portola/Valley View/Vinton,5,7,10.73,34.27,219.38490214352288,0.05585944462913972,Higher
Plumas,Belden/Caribou/Crescent Mills/Genessee/Greenville/Indian Falls/North Arm/Storrie/Taylorsville/Tobin/Twain,3,NA,28.52,NA,NA,NA,NA
Plumas,Blairsden/Clio/C-Road/Gold Mountain/Greagle/Johnsville/Mohawk Meadows/Mohawk Vista/Plumas Eureka/Plumas Pines/Sierra Springs/Valley Ranch/White Hawk,2,2,15.96,9.858,-38.233082706766915,NaN,No Diff
Plumas,Bucks Lake/Cromberg/East Quincy/Greenhorn/Keddie/Laporte/Little Grass Valley/Meadow Valley/Quincy/Sloat/Spring Garden,5,3,9.226,11.29,22.37155863862994,0.4002404458191664,No Diff
Riverside,Agua Caliente/Palm Springs Central,32,35,16.07,18.35,14.187927815805857,0.33347108979898554,Higher
Riverside,Arabia/Coachella/Desert Beach/Flowing Wells/Indio South/La Quinta East/Mecca/Oasis/Thermal,40,20,8.407,3.948,-53.039134054954204,0.003122543200110628,Lower
Riverside,Arlington/Corona East/Home Gardens/La Sierra/Riverside Southwest,49,59,8.182,9.758,19.261794182351487,0.18539133877085878,No Diff
Riverside,Banning/Beaumont/Cabizon/Calimesa/Cherry Valley,77,96,10.75,11.97,11.348837209302332,0.2432207724789126,No Diff
Riverside,Bermuda Dunes North/Indio North,22,31,8.906,9.292,4.334156748259591,0.4418632060043143,No Diff
Riverside,Bermuda Dunes South/Indian Wells/La Quinta West/Palm Desert/Rancho Mirage Central and South,74,75,12.02,11.28,-6.1564059900166415,0.3657526624299534,No Diff
Riverside,Blythe,6,16,10.1,20.77,105.64356435643565,0.058628813310976025,Higher
Riverside,Canyon Lake/Perris/Quail Valley/Romoland/Sun City/Winchester,76,93,9.269,9.89,6.699751861042189,0.33806031311047924,No Diff
Riverside,Casablanca/Riverside Central,51,52,12.43,11.45,-7.884151246983109,0.34047223684234273,No Diff
Riverside,Cathedral City Southeast/Palm Desert North/Palm Springs South/Rancho Mirage North,107,110,15.09,14.23,-5.699138502319413,0.33884129810001196,Higher
Riverside,Chiriaco Summit/Desert Center/Eagle Mountain,1,1,1.388,1.813,30.619596541786752,0.4261701777185387,Lower
Riverside,Corona North/Glen Avon/Jurupa/Norco,75,65,8.67,7.067,-18.489042675893884,0.1192914230846207,Lower
Riverside,Corona South/El Cerrito/Temescal,38,49,6.526,7.3,11.860251302482379,0.3046719127519648,Lower
Riverside,East Hemet/Hemet/Valle Vista,95,128,13.22,16,21.028744326777606,0.08614995329510255,Higher
Riverside,Eastside/Fairmont Park/Riverside Downtown/Rubidoux/University,39,33,7.908,6.466,-18.234699038947902,0.209854853034392,Lower
Riverside,Edgemont/Orange Crest/Woodcrest,62,68,7.73,7.916,2.406209573091849,0.4470530841613961,Lower
Riverside,French Valley/Murrieta East/Temecula/Winchester,46,71,7.009,9.179,30.96019403623912,0.07678800928361929,No Diff
Riverside,Glen Valley/Mead Valley,8,9,7.2,6.641,-7.763888888888891,0.4353129674251135,No Diff
Riverside,Homeland/Lakeview/San Jacinto,14,19,10.69,11.29,5.612722170252569,0.43924331828759355,No Diff
Riverside,Idyllwild/Pine Cove,17,19,28.46,26.77,-5.938158819395647,0.4383773288985793,Higher
Riverside,Lake Elsinore/Murrieta West/Sedco Hills/Wildomar,67,87,9.866,11.68,18.386377457936348,0.1525691405906222,No Diff
Riverside,Moreno Valley,32,31,7.716,6.874,-10.912389839294978,0.3280164002457573,Lower
Riverside,Temecula South,29,42,8.152,8.966,9.985279685966635,0.3510412073842295,No Diff
Sacramento,Antelope/Citrus Heights/Foothill Farms,95,100,15.66,15.92,1.6602809706257968,0.4549473908240911,Higher
Sacramento,Arcade/Arden/Town and Country Village,60,81,13.69,19.47,42.22059897735573,0.02451097762861143,Higher
Sacramento,Capitol Park/Del Paso Heights/Downtown/Gardenland/North Sacramento,85,101,14.71,16.23,10.333106730115563,0.2574740048881454,Higher
Sacramento,Carmichael/Fair Oaks/Gold River,76,70,15,13.33,-11.133333333333333,0.24862133813719156,Higher
Sacramento,Central South Elk Grove/Franklin,28,37,7.344,8.116,10.51198257080609,0.3464718239336795,No Diff
Sacramento,Clarksburg/Hood/Isleton/Locke/Walnut Grove,7,7,24.96,17.65,-29.28685897435898,0.27253658727307406,No Diff
Sacramento,Clay/Galt/Herald/Wilton,16,27,9.243,12.87,39.240506329113906,0.14914471909732785,No Diff
Sacramento,East Sacramento/La Riviera/Mather/Rancho Cordova/Rosemont,77,90,12.05,13.46,11.701244813278008,0.24094160652299812,Higher
Sacramento,Elk Grove/Laguna/Laguna West/Lakeside,31,36,8.599,8.555,-0.5116874055122744,0.4918028328963998,No Diff
Sacramento,Elverta/Natomas/North Highlands/Rio Linda,97,97,10.54,9.992,-5.1992409867172515,0.3573906231028051,No Diff
Sacramento,Florin/Fruitridge/Oak Park/Parkway/South Sacramento,75,85,13.06,13.82,5.81929555895865,0.3624443869386902,Higher
Sacramento,Folsom/Orangevale,71,75,11.86,12.08,1.8549747048903933,0.4565348838324754,No Diff
Sacramento,Freeport/Meadowview,42,49,10.58,11.36,7.372400756143662,0.3698115313899071,No Diff
Sacramento,Greenhaven/Land Park/Midtown/Pocket/Riverside/Sutterville,55,61,11.83,13.43,13.524936601859677,0.25675883615937956,Higher
Sacramento,Rancho Murieta/Sloughhouse,10,15,9.186,12.85,39.88678423688221,0.20902034883343423,No Diff
Sacramento,Vineyard,45,34,11.77,8.866,-24.67289719626168,0.11028977813158036,No Diff
San Benito,Hollister/Paicines/Panoche/San Juan Bautista,23,23,9.189,8.19,-10.87169441723801,0.3515776886831523,No Diff
San Bernardino,Adelanto/Phelan/Pinon Hills/Victorville Northwest,30,26,11.97,9.297,-22.330827067669173,0.18167681881824604,No Diff
San Bernardino,Apple Valley/Hesperia East,78,89,13.8,15.44,11.884057971014483,0.24002793686312218,Higher
San Bernardino,Argus/Borosalvay/Trona,3,NA,25.8,NA,NA,NA,NA
San Bernardino,Baker/Harvard/Newberry Springs,3,5,7.737,11.8,52.51389427426652,0.29438812515130275,No Diff
San Bernardino,Barstow/Daggett/Lenwood/Nebo Center/Oro Grande/Yermo,33,50,12.46,19.78,58.74799357945425,0.021131420780375998,Higher
San Bernardino,Big Bear Lake/Fawnskin/Moorridge/Running Springs/Sugarloaf,37,26,25.47,19.27,-24.342363564978402,0.15052413531624087,Higher
San Bernardino,Big River/Needles,12,6,33.72,16.55,-50.91933570581257,0.10136164742812936,No Diff
San Bernardino,Bloomington/Colton Central and West/Fontana South/Rialto South,42,48,6.299,7.122,13.065565962851238,0.2861847571618903,Lower
San Bernardino,Blue Jay/Crestline/Lake Arrowhead/Skyforest/Twin Peaks,23,30,20.14,27.61,37.090367428003965,0.1422441158736384,Higher
San Bernardino,Cadiz/Twentynine Palms,24,17,26.9,19.83,-26.282527881040895,0.17999684581815423,Higher
San Bernardino,Chino Hills/Chino West Central/Los Serranos/Sleepy Hollow,45,38,7.247,5.342,-26.28673934041673,0.09343894692106014,Lower
San Bernardino,Chino Northeast/Fontana Southwest/Ontario South,48,37,7.445,5.176,-30.47683008730692,0.05783507787878295,Lower
San Bernardino,Colton Southeast/Grand Terrace/Loma Linda/Redlands North,41,35,8.174,6.575,-19.56202593589429,0.17648858692943303,Lower
San Bernardino,Fontana Central/Rialto Central,39,32,6.858,4.74,-30.883639545056862,0.06997255347657849,Lower
San Bernardino,Fontana North/Rancho Cucamonga Northwest/Rialto Northeast,52,74,6.269,7.472,19.189663423193494,0.17882439585437848,Lower
San Bernardino,Hesperia West/Mountain View Acres/Victorville Central and South,97,106,11.89,12.73,7.06476030277544,0.31714050003359917,Higher
San Bernardino,Highland/San Bernardino East,71,61,12.96,10.21,-21.219135802469136,0.09047169339888195,No Diff
San Bernardino,Joshua Tree/Landers/Morongo Valley/Rimrock/Yucca Valley,64,53,28.68,24.76,-13.66806136680613,0.22882764128253152,Higher
San Bernardino,Lucerne Valley,7,7,28.71,21.3,-25.809822361546498,0.30617570862072663,No Diff
San Bernardino,Lytle Creek/Wrightwood,4,5,9.306,16.31,75.26327100795186,0.21651875008849775,No Diff
San Bernardino,Mentone/Redlands South/Yucaipa,74,76,13.82,15.03,8.755426917510848,0.3077277277442876,Higher
San Bernardino,Montclair/Ontario Northwest/Upland South,40,53,7.301,8.18,12.039446651143672,0.2973393502498304,Lower
San Bernardino,Muscoy/San Bernardino Central,46,54,8.804,9.755,10.801908223534763,0.3104325702617321,No Diff
San Bernardino,Ontario Northeast/Rancho Cucamonga South,45,47,8.933,9.05,1.3097503638195553,0.4755037860043213,No Diff
San Bernardino,Rancho Cucamonga Northwest/San Antonio Heights/Upland North,36,45,8.126,11.19,37.7061284764952,0.08336883883036306,No Diff
San Bernardino,USMC Air-Ground Combat Training Center,1,2,1.012,1.853,83.10276679841897,NaN,NA
San Diego,Allied Gardens/Del Cerro/Grantville/Miramar/Tierrasanta,64,63,14.94,13.56,-9.236947791164651,0.295555048711008,Higher
San Diego,Alpine/Blossom Valley/Crest/Descanso/Glen Oaks/Harbison Canyon/Japatul/Palo Verde,28,36,15.61,19.26,23.382447149263307,0.21170642780723048,Higher
San Diego,Ballena/Four Corners/San Diego Country Estates,7,12,13.72,23.4,70.55393586005829,0.14111050121880853,Higher
San Diego,Barona/Moreno,1,1,10.1,4.165,-58.76237623762376,0.2934802927389242,No Diff
San Diego,Bay Park/Five Points/Hillcrest Northwest/Mission Hills/Mission Valley/Morena/Normal Heights/Old Town/Serra Mesa,97,80,18.59,13.91,-25.174825174825177,0.03154102965165673,Higher
San Diego,Bonita/Chula Vista East/Eastlake/La Presa/Lynwood Hills/Rancho del Rey/Sunnyside/Sunny Vista,37,44,7.814,8.496,8.727924238546205,0.35596905183926586,No Diff
San Diego,Bonsall/Camp Pendleton/Fallbrook/Live Oak Park/Rainbow/San Luis Rey Heights/Winterwarm,44,42,12.55,10.87,-13.386454183266943,0.2700554872498242,No Diff
San Diego,Borrego Springs/Cuyamaca/Julian/Kentwood in the Pines/Laguna/Ocotillo Wells/Palomar/Pine Valley/Warner Springs,21,12,35.92,21.79,-39.33741648106905,0.11821704770979702,No Diff
San Diego,Bostonia/Glenview/Granite Hills/Hillsdale/Johnstown/Lakeside/Riverview/Winter Gardens,57,64,12.95,13.6,5.019305019305022,0.39592021628228735,Higher
San Diego,Buckman Springs/Canyon City/Jacumba/Morena Village/Tecate,11,6,33.84,11.94,-64.71631205673759,0.03916658654792571,No Diff
San Diego,Calavo Gardens/Casa de Oro/Cottonwood/Grossmont/Homelands/Lemon Grove Central and North/Mount Helix/Rancho San Diego/Spring Valley,47,56,10.52,12.1,15.019011406844108,0.2444140007944866,No Diff
San Diego,Cardiff by the Sea/Eden Gardens/Harmony Grove/La Costa/Ocean Hills/Lomas Santa Fe/Olivehain/Rancho Santa Fe/San Marcos South/Solana Beach/Vista South,76,121,8.917,13.04,46.237523830884825,0.005344779714500647,Higher
San Diego,Carlsbad East/Encinitas East/Oceanside East,73,90,11.29,14.17,25.509300265721883,0.08015611969185454,Higher
San Diego,Carlton Hills/El Cajon North/Eucalyptus Hills/Lake Murray/Loma Portal/San Carlos/Santee,58,73,12.36,15.23,23.220064724919105,0.12261899299702961,Higher
San Diego,Carmel Valley/Del Dios/Escondido South/Fairbanks Ranch/Poway Southeast/Rancho Bernardo Southeast/Rancho Penasquitos,52,59,7.002,7.289,4.098828906026848,0.4190615639710461,Lower
San Diego,Castle Park/Chula Vista Southwest/Imperial Beach West/Nestor East/Palm City/San Ysidro/South San Diego,77,64,10.28,8.03,-21.88715953307393,0.07560594729552006,Lower
San Diego,Chollas Creek/City Heights/East San Diego/North Park/Oak Park/South Park,43,56,9.277,11.34,22.237792389781188,0.1676900935687603,No Diff
San Diego,Chula Vista Central and Northwest/National City West,23,30,6.437,7.602,18.098493086841696,0.2761862270748686,Lower
San Diego,Civic Center/Coronado/Harbor Island/Imperial Beach East/Nestor West/Ocean Beach/Point Loma/Silver Strand,36,61,11.26,18.34,62.87744227353464,0.01200485421141162,Higher
San Diego,Clairemont/Fiesta Shores/Linda Vista/Mission Beach/Sorrento/University City,101,109,13.12,13.96,6.402439024390257,0.3300540232628625,Higher
San Diego,Cockatoo Grove/Eastlake Greens/Otay Mesa,47,50,6.94,6.245,-10.01440922190202,0.30511373202069114,Lower
San Diego,College Heights/Hillcrest Southeast/Kensington/Rolando North/University Heights,86,82,17.75,16.57,-6.64788732394366,0.3331729952657325,Higher
San Diego,Crown Point/Del Mar/La Jolla/Pacific Beach,55,45,13.15,10.04,-23.650190114068447,0.09809449188098651,No Diff
San Diego,Downtown/Golden Hill/Logan Heights,60,69,15.57,14.59,-6.294155427103407,0.3624827046356478,Higher
San Diego,Dulzura/Engineer Springs/Indian Springs/Jamacha/Jamul,11,12,12.17,12.3,1.0682004930156186,0.49027188899917706,No Diff
San Diego,El Cajon Central and South/Fletcher Hills,58,54,13.86,12.05,-13.059163059163051,0.23380054792841698,No Diff
San Diego,Encanto/Lemon Grove Northwest/Lincoln Acres/National City East/Paradise Hills Southwest,32,39,6.722,7.96,18.417137756620047,0.24183102504623988,Lower
San Diego,Encinitas Central/Leucadia/Oceanside North and West/San Luis Rey/South Oceanside,74,100,12.65,16.08,27.114624505928834,0.06051324822174098,Higher
San Diego,Escondido Central and South/San Marcos Central and East,57,78,9.266,11.93,28.750269803582988,0.0751620725883585,No Diff
San Diego,Escondido East/Hidden Meadows/Poway North,56,61,10.13,10.69,5.5281342546890295,0.38907455308025995,No Diff
San Diego,La Mesa/Rolando South,64,54,15,11.89,-20.73333333333333,0.10904997240454728,No Diff
San Diego,Lemon Grove South/Paradise Hills,35,31,8.48,7.066,-16.6745283018868,0.2339206978136842,Lower
San Diego,Mira Mesa/Scripps Miramar Ranch,49,59,8.363,9.359,11.909601817529602,0.2829934458835035,No Diff
San Diego,Oceanside East/San Marcos West/Vista,80,97,12.79,14.78,15.559030492572326,0.1719153127283305,Higher
San Diego,Pala/Pauma Valley,4,6,11.67,18.55,58.95458440445588,0.2394402276335157,No Diff
San Diego,Poway Central/Poway Grove/Rancho Bernardo Southwest/Sabre Springs,51,38,12,9.17,-23.583333333333332,0.1084962648753931,No Diff
San Diego,Ramona/Rock Haven/Rosemont,10,15,7.936,10.13,27.646169354838722,0.28002505710673065,No Diff
San Diego,Rincon/San Pasqual/Valley Center,7,15,7.003,15.81,125.7603884049693,0.04375456336943406,No Diff
San Francisco,Bayview/Candlestick/Hunters Point/Portola/Visitacion Valley,26,26,6.305,5.982,-5.122918318794601,0.42565307268326724,Lower
San Francisco,Bernal Heights/Mission District/Potrero Hill,55,50,9.294,7.588,-18.355928556057677,0.1651825137608809,Lower
San Francisco,Buena Vista/Castro/Eureka Valley/Forest Hill/Haight-Ashbury/Noe Valley/West of Twin Peaks,55,70,9.686,9.994,3.1798472021474273,0.434493277259018,No Diff
San Francisco,Chinatown/Civic Center/Inner Mission/North Beach/South of Market/Tenderloin/Western Addition,103,88,16.93,13.19,-22.090962787950385,0.04776457152050506,Higher
San Francisco,Cow Hollow/Financial District/Marina/Nob Hill/Pacific Heights/Russian Hill/Seacliff,50,58,10.09,11.05,9.514370664023794,0.3235214409383116,No Diff
San Francisco,Excelsior/Glen Park/Ingleside/Lake Merced/Merced Heights/Ocean Beach South/Park Merced/Saint Francis Wood/Westwood Park,46,61,6.686,7.678,14.836972778941071,0.2428181756974107,Lower
San Francisco,Golden Gate Park/Parkside/Sunset/West Portal,41,32,8.646,6.742,-22.02174415914875,0.15717208693806317,Lower
San Francisco,Laurel Heights/Ocean Beach North/Richmond/Sutro Heights,56,33,10.06,6.213,-38.240556660039765,0.014587526547566343,Lower
San Joaquin,Banta/Escalon/Ripon/Vernalis,26,29,9.283,10.03,8.046967575137348,0.388684572733777,No Diff
San Joaquin,Farmington/Linden,3,3,12.42,10.99,-11.51368760064412,0.44227282225480147,No Diff
San Joaquin,French Camp/Stockton South/Stockton Southeast,52,78,8.51,11.94,40.30552291421857,0.029617086252833325,No Diff
San Joaquin,Lathrop/Manteca,40,36,11.38,8.709,-23.471001757469256,0.1272163726896054,No Diff
San Joaquin,Lockeford/North Woodbridge,25,14,13.62,5.768,-57.65051395007342,0.007048241475945072,Lower
San Joaquin,Lodi,37,36,11.46,10.46,-8.726003490401396,0.3504077398274793,No Diff
San Joaquin,South Woodbridge/Thornton,10,11,7.569,9.529,25.895098427797596,0.3017128725052003,No Diff
San Joaquin,Stockton North Central/Stockton Northeast,42,75,9.684,15.1,55.92730276745147,0.010457042221742596,Higher
San Joaquin,Stockton Northwest/Stockton West,52,50,12.32,10.57,-14.204545454545455,0.2249651950057121,No Diff
San Joaquin,Tracy,44,33,9.955,6.58,-33.90256152687092,0.043901213766400105,Lower
San Luis Obispo,Arroyo Grande/Nipomo/Oceano/Pismo Beach,76,66,16.45,13.93,-15.31914893617021,0.17621210400954168,Higher
San Luis Obispo,Atascadero/Templeton,22,36,10.77,15.44,43.361188486536676,0.09762717700443535,Higher
San Luis Obispo,Baywood/Cambria/Cayucos/Morro Bay/Los Osos,29,45,13.09,18.69,42.78074866310161,0.08642768163651215,Higher
San Luis Obispo,El Paso de Robles/Lake Nacimiento/San Miguel/Shandon,50,52,19.31,17.87,-7.45727602278611,0.35152521363406886,Higher
San Luis Obispo,San Luis Obispo,36,38,12.09,12.48,3.225806451612908,0.44944872391033863,No Diff
San Mateo,Atherton/Lindenwood/Menlo Oaks/Menlo Park/Redwood City Central/Sharon Heights/West Menlo Park/Woodside/Woodside Hills,51,33,10.51,6.994,-33.45385347288297,0.03689367561436274,Lower
San Mateo,Belmont/Devonshire/Emerald Lake/Farm Hills/Palomar Park/San Carlos West/The Highlands,33,35,6.043,5.953,-1.489326493463509,0.47634827043813244,Lower
San Mateo,Brisbane/Burlingame Northeast/Colma/Daly City East/Millbrae East/San Bruno/South San Francisco,44,30,8.676,6.06,-30.152143845089913,0.06644701926789365,Lower
San Mateo,Broadmoor Village/Daly City West/San Bruno Northwest/Serramonte/Westborough,29,43,4.529,6.377,40.80370942812983,0.07881198606385409,Lower
San Mateo,Burlingame Hills/Burlingame Southwest/Hillsborough/Hillsdale/Millbrae West/San Bruno Central/San Mateo West,47,49,8.983,8.746,-2.63831682066125,0.4504449574181898,No Diff
San Mateo,East Menlo Park/East Palo Alto/North Fair Oaks/Redwood City East,31,28,9.12,7.312,-19.824561403508763,0.208257875935286,Lower
San Mateo,El Granada/Half Moon Bay/Miramar/Montara/Moss Beach/Princeton by the Sea/Skyline,16,10,11.2,6.012,-46.32142857142857,0.07640718662616441,Lower
San Mateo,Foster City/Redwood Shores/San Mateo East,44,41,9.259,8.194,-11.502322065017815,0.29070921339690536,No Diff
San Mateo,La Honda/Loma Mar/Pescadero/San Gregorio/Sky Londa,2,2,11.14,6.428,-42.29802513464991,0.31159061231124396,No Diff
San Mateo,Pacifica/Rockaway Beach/San Pedro Terrace/Sharp Park/Vallemar,22,11,9.321,5.523,-40.74670099774703,0.0800202495455481,Lower
Santa Barbara,Buellton/Los Olivos/Santa Ynez/Solvang,12,11,11.41,10.57,-7.361963190184047,0.43373834380092346,No Diff
Santa Barbara,Carpinteria/New Cuyama/Summerland/Toro Canyon,11,18,9.715,16.26,67.37004632012355,0.09676265638617776,No Diff
Santa Barbara,Goleta North/Mission Canyon/Montecito/Riviera/Santa Barbara North,63,71,13.74,13.7,-0.2911208151382891,0.4936548312133514,Higher
Santa Barbara,Goleta South/Isla Vista/Santa Barbara South,53,56,12.96,12.31,-5.015432098765434,0.39854254458317806,No Diff
Santa Barbara,Guadalupe,1,NA,2.513,NA,NA,NA,NA
Santa Barbara,Lompoc/Mission Hills/Vandenberg,27,45,9.314,15.39,65.23512991196048,0.019873748917962786,Higher
Santa Barbara,Los Alamos,4,2,10.43,5.271,-49.46308724832215,0.22414017330302183,No Diff
Santa Barbara,Orcutt/Santa Maria,46,61,7.36,9.15,24.320652173913043,0.1332227153813368,No Diff
Santa Clara,Alum Rock South/San Jose East,36,34,5.968,5.131,-14.024798927613936,0.2677181711736275,Lower
Santa Clara,Alviso/Palo Alto Bayshore/Santa Clara Northwest/Sunnyvale North,48,49,8.56,7.542,-11.892523364485989,0.27301979885848726,Lower
Santa Clara,Berryessa/East San Jose/Milpitas East,49,40,7.763,5.783,-25.50560350380007,0.08674978431506974,Lower
Santa Clara,Cambrian Village East/San Jose South Central,45,51,7.583,8.144,7.398127390214953,0.3658595167948233,Lower
Santa Clara,Cambrian Village West/Campbell South/Los Gatos/Monte Sereno/San Tomas,60,55,10.76,9.294,-13.624535315985124,0.22331041794645778,No Diff
Santa Clara,Cupertino/Rancho Rinconada/San Jose West/Saratoga,47,43,7.621,7.094,-6.915103004855008,0.37343324840900993,Lower
Santa Clara,Downtown San Jose,30,42,8.447,9.718,15.046762164081933,0.2847247087663025,No Diff
Santa Clara,Evergreen/San Jose East Central,33,29,6.458,5.035,-22.034685661195418,0.16932038506876212,Lower
Santa Clara,Gilroy/Morgan Hill/Rucker/San Martin,51,44,9.774,7.293,-25.383670963781455,0.08328201170187544,Lower
Santa Clara,Los Altos/Los Altos Hills/Palo Alto Central/Stanford,55,62,7.556,7.828,3.5997882477501357,0.4260539462303795,Lower
Santa Clara,Milpitas West/Santa Clara Northeast,34,45,5.641,6.108,8.278673993972692,0.3667733654690777,Lower
Santa Clara,New Almaden/San Jose Southwest,46,44,8.39,8.099,-3.4684147794994082,0.4350105775013622,Lower
Santa Clara,San Jose Northwest,29,41,6.347,8.753,37.90767291633842,0.0955704540130965,No Diff
Santa Clara,San Jose Southeast,55,50,9.028,6.912,-23.438192290651312,0.0946793764679752,Lower
Santa Clara,Santa Clara South and West,64,46,9.987,6.99,-30.009011715229796,0.03436847013408573,Lower
Santa Clara,Sunnyvale South,38,41,8.3,8.065,-2.8313253012048336,0.45033177145765735,Lower
Santa Cruz,Amesti/Corralitos/Day Valley/Interlaken/Pajaro Dunes,21,28,13.6,22.83,67.86764705882352,0.046420249184371265,Higher
Santa Cruz,Aptos/Capitola/Live Oak/Rio del Mar/Santa Cruz,87,121,14.27,17.64,23.615977575332874,0.07196670751344081,Higher
Santa Cruz,Ben Lomond/Felton/Scotts Valley,37,34,16.83,15.24,-9.44741532976826,0.346744609559134,Higher
Santa Cruz,Boulder Creek,12,14,12.68,14.2,11.987381703470028,0.40189562037617743,No Diff
Santa Cruz,Davenport,3,5,12.92,16.63,28.71517027863776,0.3748633929941805,No Diff
Santa Cruz,Freedom/Watsonville,13,10,5.145,4.16,-19.144800777453828,0.30833721642965073,Lower
Shasta,Anderson/Cottonwood/French Gulch/Happy Valley/Igo/Ono/Platina/Shasta,31,43,18.12,25.21,39.1280353200883,0.09064307429890328,Higher
Shasta,Bella Vista/City of Shasta Lake,23,28,18.72,25.4,35.68376068376069,0.15308928703409674,Higher
Shasta,Big Bend/Montgomery Creek/Oak Run/Round Mountain,7,6,25.09,14.75,-41.211638102829816,0.19946152495616398,No Diff
Shasta,Burney/Cassel/Fall River Mills/Hat Creek/McArthur,7,9,24.85,22.69,-8.69215291750503,0.4362382475255544,No Diff
Shasta,Castella/Lakehead/OBrien,1,4,4.768,57.97,1115.8137583892617,0.05025351537111633,No Diff
Shasta,Manton/Millville/Shingletown/Viola,6,10,19.82,37.52,89.3037336024218,0.16253927912111543,Higher
Shasta,Palo Cedro,6,7,17.83,33.47,87.71733034212004,0.17565041289148264,No Diff
Shasta,Redding,105,102,20.15,18.67,-7.344913151364749,0.2987437222022601,Higher
Sierra,Alleghany/Calpine/Downieville/Goodyear Bar/Sattley/Sierra City/Sierraville,2,5,15.61,41.51,165.91928251121078,0.14938956169156725,No Diff
Siskiyou,Carrick/Edgewood/Mount Shasta/Weed,16,14,26.63,20.31,-23.732632369508075,0.24775708480239977,Higher
Siskiyou,Dorris/Macdoel/Mount Hebron,NA,2,NA,25.85,NA,NA,No Diff
Siskiyou,Dunsmuir,2,4,16.66,42.24,153.54141656662665,0.18178885154922741,No Diff
Siskiyou,Etna/Fort Jones/Greenview,10,8,31.77,24.51,-22.851746931067037,0.3195263958832386,No Diff
Siskiyou,Gazelle/Grenada/Hilt/Hornbrook/Yreka,14,18,13.13,21.45,63.36633663366335,0.10758467598455879,Higher
Siskiyou,Happy Camp,NA,1,NA,4.145,NA,NA,No Diff
Siskiyou,McCloud/Tennant,3,3,28.45,61.02,114.481546572935,0.21383639724711279,No Diff
Solano,Benicia/Collinsville/Suisun City,21,15,12.67,8.5,-32.912391475927386,0.12333438094190152,No Diff
Solano,Dixon,7,7,7.453,6.184,-17.026700657453375,0.36642277153168545,Lower
Solano,Fairfield,54,63,10.01,10.81,7.992007992007999,0.3416393670327734,No Diff
Solano,Rio Vista,9,5,16.96,5.528,-67.4056603773585,0.062193802506445905,No Diff
Solano,Vacaville,59,72,11.3,12.58,11.327433628318579,0.27378978961793277,No Diff
Solano,Vallejo,87,87,12.05,11.41,-5.311203319502079,0.3631984552511388,No Diff
Sonoma,Bodega/Sebastopol,10,24,9.728,20.07,106.31167763157896,0.03779920419767868,Higher
Sonoma,Boyes Hot Springs/Glen Ellen/Kenwood/Sonoma/Vineburg,24,18,10.53,8.457,-19.686609686609675,0.2556319711549584,No Diff
Sonoma,Cloverdale,15,13,19.72,16.53,-16.176470588235283,0.3298953354237223,No Diff
Sonoma,Forestville/Fort Ross/Guerneville/Jenner/Monte Rio/Occidental/Sea Ranch,23,16,14.04,9.357,-33.35470085470085,0.13376701050443307,No Diff
Sonoma,Geyserville/Healdsburg,7,12,8.412,12.23,45.38754160722776,0.22919039749096348,No Diff
Sonoma,Petaluma,92,84,12.81,11.41,-10.928961748633881,0.2272760225505398,No Diff
Sonoma,Santa Rosa,136,131,13.15,11.97,-8.973384030418249,0.22794488082289233,No Diff
Sonoma,Two Rock/Valley Ford,7,9,11.06,9.718,-12.133815551537074,0.4025360611860619,No Diff
Sonoma,Windsor,17,18,11.1,10.81,-2.612612612612605,0.4696728720659622,No Diff
Stanislaus,Ceres/Modesto South Central,36,37,8.845,8.657,-2.12549462973432,0.46438404700115643,No Diff
Stanislaus,Crows Landing/Empire/Grayson/Newman/Patterson/Westley,12,16,6.53,8.485,29.938744257274106,0.2492898744252796,No Diff
Stanislaus,Denair/Turlock,38,35,10.1,9.106,-9.84158415841584,0.33117280893458234,No Diff
Stanislaus,Hughson,30,21,14.97,9.205,-38.510354041416164,0.047553248538397486,No Diff
Stanislaus,Keyes,15,5,19.6,6.971,-64.43367346938776,0.01805270509822887,No Diff
Stanislaus,Modesto East,49,60,11.47,12.73,10.985178727114208,0.29556604157029676,No Diff
Stanislaus,Modesto West,47,54,11.6,12.88,11.0344827586207,0.3037789380603879,No Diff
Stanislaus,Oakdale/Riverbank,31,28,11.05,9.035,-18.23529411764706,0.22271784164795783,No Diff
Stanislaus,Salida,8,14,6.57,9.846,49.86301369863013,0.1803016988310957,No Diff
Sutter,Live Oak,6,11,12.94,21.64,67.23338485316849,0.15473128880314957,Higher
Sutter,Meridian/Robbins/Yuba City,50,62,12.52,14.17,13.178913738019173,0.25914350514937956,Higher
Sutter,Nicolaus/Pleasant Grove,3,3,20.17,27.36,35.647000495785804,0.35991984724432347,No Diff
Tehama,Corning/Los Molinos/Tehama/Vina,10,12,11,12.3,11.818181818181824,0.3995177486964141,No Diff
Tehama,Dairyville/Manton/Mineral/Paynes Creek,6,8,26.96,33.78,25.29673590504451,0.3552919836563302,Higher
Tehama,Gerber/Los Flores/Proberta/Red Bluff,37,39,19.3,21.49,11.347150259067345,0.3274431692763814,Higher
Tehama,Paskenta/Rancho Tehama,4,3,18.51,11.35,-38.68179362506754,0.27540471272226075,No Diff
Trinity,Douglas City/Lewiston/Trinity Center/Weaverville,6,3,11.16,6.65,-40.412186379928315,0.2554125537542281,No Diff
Trinity,Forest Glen/Hayfork/Hyampom/Peanut,2,6,13.22,45.78,246.2934947049924,0.0766780150890376,Higher
Trinity,Kettenpom/Mad River/Ruth/Xenia,NA,3,NA,73,NA,NA,No Diff
Tulare,Alpaugh/Earlimart/Pixley/Porterville/Rich Grove/Terra Bella,41,42,9.348,8.838,-5.455712451861377,0.40050858126454747,No Diff
Tulare,Cutler-Orosi,6,2,6.331,2.333,-63.14958142473542,0.1013668905927041,Lower
Tulare,Dinuba,10,11,7.805,6.501,-16.70723894939141,0.34148471243903245,Lower
Tulare,Exeter/Lemon Cove/Lindsay/Strathmore,16,21,9.233,9.949,7.75479259179031,0.41239255234433825,No Diff
Tulare,Farmersville/Goshen/Visalia,65,91,9.098,12.49,37.28291932292811,0.026095784484268192,Higher
Tulare,Ivanhoe/Woodlake,7,11,10.38,16.56,59.53757225433523,0.1710795539084906,No Diff
Tulare,Springville,3,8,11.19,22.43,100.44682752457553,0.15798462612862163,No Diff
Tulare,Three Rivers,4,9,18.28,51.63,182.43982494529538,0.05650613442847752,Higher
Tulare,Tipton/Tulare/Woodville,30,29,8.627,8.024,-6.9896835516402165,0.39186026963087306,No Diff
Tuolumne,Big Oak Flat/Groveland,3,2,27.34,11.93,-56.3643013899049,0.23999515626702095,No Diff
Tuolumne,Chinese Camp,5,NA,16.51,NA,NA,NA,NA
Tuolumne,Columbia/Jamestown/Sonora,27,25,22.25,19.35,-13.033707865168534,0.3224159013918957,Higher
Tuolumne,East Sonora/Mi-Wuk Village/Soulsbyville/Tuolumne City/Twain Harte,23,21,17.56,12.52,-28.70159453302961,0.16516439991823817,No Diff
Ventura,Camarillo/Moorpark,53,59,9.527,9.718,2.004828382491873,0.4595300711171577,No Diff
Ventura,Fillmore/Los Padres National Forest/Piru/Santa Paula/Saticoy,32,34,9.635,9.924,2.9994810586403706,0.4525893528415106,No Diff
Ventura,Meiners Oaks/Oak View/Ojai,34,33,19.79,17.07,-13.744315310763007,0.2867217047676496,Higher
Ventura,Oxnard East/Oxnard West/Oxnard South Central/Port Hueneme,51,53,9.389,9.349,-0.42603046117796517,0.4914300565270435,No Diff
Ventura,Oxnard North Central,29,51,5.118,8.067,57.62016412661195,0.02542757053795508,Lower
Ventura,Simi Valley East,45,62,8.816,11.98,35.889292196007254,0.0636169220746835,No Diff
Ventura,Simi Valley West/Thousand Oaks East,55,54,11.68,11.26,-3.5958904109589036,0.4264442906955308,No Diff
Ventura,Thousand Oaks Central and West,64,58,10.11,8.74,-13.5509396636993,0.216605891242862,No Diff
Ventura,Ventura,71,67,14.51,13.7,-5.582356995175745,0.37076709596514945,Higher
Yolo,Bryte/Broderick/Clarksburg/Riverview/West Sacramento,36,39,13.82,13.53,-2.0984081041968228,0.4638393460265978,No Diff
Yolo,Davis,18,29,5.871,7.472,27.269630386646224,0.22713387646543537,Lower
Yolo,Esparto/Rumsey,3,3,9.545,11.04,15.662650602409629,0.4300051846842786,No Diff
Yolo,Knights Landing,2,1,5.885,2.56,-56.49957519116398,0.2480642733266637,Lower
Yolo,Winters,2,7,5.916,16.22,174.17173766058144,0.08808469140012087,No Diff
Yolo,Woodland,27,27,8.963,8.272,-7.709472274907944,0.3855430346775538,No Diff
Yuba,Browns Valley/Brownsville/Dobbins/Oregon House,7,6,19.7,18.66,-5.2791878172588795,0.4677356255420162,No Diff
Yuba,Marysville,32,48,10.48,15.82,50.95419847328244,0.03877714719355396,Higher
Yuba,Wheatland,5,2,24.45,7.586,-68.97341513292432,0.08363528382042706,No Diff
