measure_id,measure_name,location_id,location_name,sex_id,sex_name,age_id,age_name,cause_id,cause_name,metric_id,metric_name,year,val,upper,lower,display,rei_id,rei_name
2,DALYs (Disability-Adjusted Life Years),527,California,3,Both,22,All Ages,410,Neoplasms,1,Number,2019,1572317.0338206792,1822253.4638036445,1349194.6351347459,cause,NA,NA
2,DALYs (Disability-Adjusted Life Years),527,California,3,Both,22,All Ages,410,Neoplasms,2,Percent,2019,0.13892980173861755,0.15913730344223742,0.11814088789282859,cause,NA,NA
2,DALYs (Disability-Adjusted Life Years),527,California,3,Both,22,All Ages,410,Neoplasms,3,Rate,2019,3943.408241896879,4570.254709081768,3383.811998261544,cause,NA,NA
2,DALYs (Disability-Adjusted Life Years),527,California,3,Both,22,All Ages,491,Cardiovascular diseases,1,Number,2019,1646335.46866343,1894694.596176534,1425799.622198402,cause,NA,NA
2,DALYs (Disability-Adjusted Life Years),527,California,3,Both,22,All Ages,491,Cardiovascular diseases,2,Percent,2019,0.14541145492924692,0.16451053029286267,0.12599950438212465,cause,NA,NA
2,DALYs (Disability-Adjusted Life Years),527,California,3,Both,22,All Ages,491,Cardiovascular diseases,3,Rate,2019,4129.048223995106,4751.938779346808,3575.9391143961116,cause,NA,NA
2,DALYs (Disability-Adjusted Life Years),527,California,3,Both,22,All Ages,508,Chronic respiratory diseases,1,Number,2019,650857.1231240967,753494.9823896546,563462.1545858051,cause,NA,NA
2,DALYs (Disability-Adjusted Life Years),527,California,3,Both,22,All Ages,508,Chronic respiratory diseases,2,Percent,2019,0.057412874274944625,0.06228318592848918,0.052232632578649525,cause,NA,NA
2,DALYs (Disability-Adjusted Life Years),527,California,3,Both,22,All Ages,508,Chronic respiratory diseases,3,Rate,2019,1632.3650309811335,1889.783205212155,1413.1763865658481,cause,NA,NA
2,DALYs (Disability-Adjusted Life Years),527,California,3,Both,22,All Ages,542,Neurological disorders,1,Number,2019,651991.2042674747,1049806.3937014407,380192.0034479644,cause,NA,NA
2,DALYs (Disability-Adjusted Life Years),527,California,3,Both,22,All Ages,542,Neurological disorders,2,Percent,2019,0.05727468677728209,0.08983329951353781,0.03488128784538231,cause,NA,NA
2,DALYs (Disability-Adjusted Life Years),527,California,3,Both,22,All Ages,542,Neurological disorders,3,Rate,2019,1635.2093332634233,2632.939220443787,953.5305206589645,cause,NA,NA
2,DALYs (Disability-Adjusted Life Years),527,California,3,Both,22,All Ages,344,Neglected tropical diseases and malaria,1,Number,2019,10085.861247061912,18256.941546931143,5026.569602570476,cause,NA,NA
2,DALYs (Disability-Adjusted Life Years),527,California,3,Both,22,All Ages,344,Neglected tropical diseases and malaria,2,Percent,2019,8.884883109188254e-4,0.0015738954451061961,4.455160055356805e-4,cause,NA,NA
2,DALYs (Disability-Adjusted Life Years),527,California,3,Both,22,All Ages,344,Neglected tropical diseases and malaria,3,Rate,2019,25.29557812628034,45.78884043064359,12.606755236301415,cause,NA,NA
2,DALYs (Disability-Adjusted Life Years),527,California,3,Both,22,All Ages,558,Mental disorders,1,Number,2019,856180.1069852338,1113740.1303898718,643660.0999927035,cause,NA,NA
2,DALYs (Disability-Adjusted Life Years),527,California,3,Both,22,All Ages,558,Mental disorders,2,Percent,2019,0.07521727685818572,0.0897778451681128,0.06087798131022559,cause,NA,NA
2,DALYs (Disability-Adjusted Life Years),527,California,3,Both,22,All Ages,558,Mental disorders,3,Rate,2019,2147.3199220067645,2793.286541479792,1614.314727051974,cause,NA,NA
2,DALYs (Disability-Adjusted Life Years),527,California,3,Both,22,All Ages,653,Skin and subcutaneous diseases,1,Number,2019,273510.40662972233,383078.4670954553,188457.44026050164,cause,NA,NA
2,DALYs (Disability-Adjusted Life Years),527,California,3,Both,22,All Ages,653,Skin and subcutaneous diseases,2,Percent,2019,0.024012129787133994,0.03166281377456329,0.018030130360484328,cause,NA,NA
2,DALYs (Disability-Adjusted Life Years),527,California,3,Both,22,All Ages,653,Skin and subcutaneous diseases,3,Rate,2019,685.970557176592,960.7698396338359,472.6557094940235,cause,NA,NA
2,DALYs (Disability-Adjusted Life Years),527,California,3,Both,22,All Ages,696,Unintentional injuries,1,Number,2019,415262.2951292034,532931.4859835886,320750.9946283019,cause,NA,NA
2,DALYs (Disability-Adjusted Life Years),527,California,3,Both,22,All Ages,696,Unintentional injuries,2,Percent,2019,0.03651605922597919,0.042918164545329894,0.031246991892714463,cause,NA,NA
2,DALYs (Disability-Adjusted Life Years),527,California,3,Both,22,All Ages,696,Unintentional injuries,3,Rate,2019,1041.4876401754207,1336.6047489082393,804.4510671873338,cause,NA,NA
2,DALYs (Disability-Adjusted Life Years),527,California,3,Both,22,All Ages,386,Nutritional deficiencies,1,Number,2019,39360.881925945934,57568.749549706685,26723.948256447802,cause,NA,NA
2,DALYs (Disability-Adjusted Life Years),527,California,3,Both,22,All Ages,386,Nutritional deficiencies,2,Percent,2019,0.0034545863252251675,0.004665328932880534,0.0025337031708916164,cause,NA,NA
2,DALYs (Disability-Adjusted Life Years),527,California,3,Both,22,All Ages,386,Nutritional deficiencies,3,Rate,2019,98.71802114738621,144.3837830201246,67.02429315697471,cause,NA,NA
2,DALYs (Disability-Adjusted Life Years),527,California,3,Both,22,All Ages,973,Substance use disorders,1,Number,2019,671527.9392676651,805965.7080377641,546519.4413531822,cause,NA,NA
2,DALYs (Disability-Adjusted Life Years),527,California,3,Both,22,All Ages,973,Substance use disorders,2,Percent,2019,0.059166697609388974,0.06730670574114948,0.051602060138347526,cause,NA,NA
2,DALYs (Disability-Adjusted Life Years),527,California,3,Both,22,All Ages,973,Substance use disorders,3,Rate,2019,1684.2079258896774,2021.3810239270433,1370.6836617753079,cause,NA,NA
2,DALYs (Disability-Adjusted Life Years),527,California,3,Both,22,All Ages,974,Diabetes and kidney diseases,1,Number,2019,665566.805394998,789965.1216516008,548727.8181692327,cause,NA,NA
2,DALYs (Disability-Adjusted Life Years),527,California,3,Both,22,All Ages,974,Diabetes and kidney diseases,2,Percent,2019,0.058594766506421675,0.06297458104637503,0.05449391349613686,cause,NA,NA
2,DALYs (Disability-Adjusted Life Years),527,California,3,Both,22,All Ages,974,Diabetes and kidney diseases,3,Rate,2019,1669.2572613997047,1981.2511755102416,1376.2223229678705,cause,NA,NA
2,DALYs (Disability-Adjusted Life Years),527,California,3,Both,22,All Ages,669,Sense organ diseases,1,Number,2019,318667.8189969928,442317.9424205998,222171.0939604515,cause,NA,NA
2,DALYs (Disability-Adjusted Life Years),527,California,3,Both,22,All Ages,669,Sense organ diseases,2,Percent,2019,0.027966327843623448,0.03559493095334834,0.02160214924591156,cause,NA,NA
2,DALYs (Disability-Adjusted Life Years),527,California,3,Both,22,All Ages,669,Sense organ diseases,3,Rate,2019,799.2264135219967,1109.3438423431803,557.2103489243319,cause,NA,NA
2,DALYs (Disability-Adjusted Life Years),527,California,3,Both,22,All Ages,688,Transport injuries,1,Number,2019,278979.8570939152,317679.1811810932,239242.5695455855,cause,NA,NA
2,DALYs (Disability-Adjusted Life Years),527,California,3,Both,22,All Ages,688,Transport injuries,2,Percent,2019,0.024606998403809883,0.026884310225818997,0.02264915491897153,cause,NA,NA
2,DALYs (Disability-Adjusted Life Years),527,California,3,Both,22,All Ages,688,Transport injuries,3,Rate,2019,699.6880680698837,796.7468865388184,600.0260127349401,cause,NA,NA
2,DALYs (Disability-Adjusted Life Years),527,California,3,Both,22,All Ages,955,HIV/AIDS and sexually transmitted infections,1,Number,2019,49693.779587079065,63272.39489263112,40065.577808839764,cause,NA,NA
2,DALYs (Disability-Adjusted Life Years),527,California,3,Both,22,All Ages,955,HIV/AIDS and sexually transmitted infections,2,Percent,2019,0.004387461862802153,0.005456544235581319,0.0035447049618033844,cause,NA,NA
2,DALYs (Disability-Adjusted Life Years),527,California,3,Both,22,All Ages,955,HIV/AIDS and sexually transmitted infections,3,Rate,2019,124.63317243247788,158.68866019841903,100.48541505895734,cause,NA,NA
2,DALYs (Disability-Adjusted Life Years),527,California,3,Both,22,All Ages,956,Respiratory infections and tuberculosis,1,Number,2019,173758.24032492528,206975.9603292101,146991.8431496685,cause,NA,NA
2,DALYs (Disability-Adjusted Life Years),527,California,3,Both,22,All Ages,956,Respiratory infections and tuberculosis,2,Percent,2019,0.015328045435420526,0.01736592243820119,0.013314335716825783,cause,NA,NA
2,DALYs (Disability-Adjusted Life Years),527,California,3,Both,22,All Ages,956,Respiratory infections and tuberculosis,3,Rate,2019,435.78976901992706,519.1005950329321,368.6590129723959,cause,NA,NA
2,DALYs (Disability-Adjusted Life Years),527,California,3,Both,22,All Ages,957,Enteric infections,1,Number,2019,45162.615120725924,56383.19956240896,35292.277374702324,cause,NA,NA
2,DALYs (Disability-Adjusted Life Years),527,California,3,Both,22,All Ages,957,Enteric infections,2,Percent,2019,0.003971317818054691,0.004471926275285804,0.0035312320104563776,cause,NA,NA
2,DALYs (Disability-Adjusted Life Years),527,California,3,Both,22,All Ages,957,Enteric infections,3,Rate,2019,113.2689049739054,141.41039566214997,88.51386487655671,cause,NA,NA
2,DALYs (Disability-Adjusted Life Years),527,California,3,Both,22,All Ages,961,Other infectious diseases,1,Number,2019,25385.943579501814,34623.65913141825,20413.9975517138,cause,NA,NA
2,DALYs (Disability-Adjusted Life Years),527,California,3,Both,22,All Ages,961,Other infectious diseases,2,Percent,2019,0.0022412728841144395,0.0030752600996481745,0.0018592771977945684,cause,NA,NA
2,DALYs (Disability-Adjusted Life Years),527,California,3,Both,22,All Ages,961,Other infectious diseases,3,Rate,2019,63.668545838036145,86.83695453688932,51.19878781690539,cause,NA,NA
2,DALYs (Disability-Adjusted Life Years),527,California,3,Both,22,All Ages,962,Maternal and neonatal disorders,1,Number,2019,151074.29488687712,170237.8230441724,133493.80254177828,cause,NA,NA
2,DALYs (Disability-Adjusted Life Years),527,California,3,Both,22,All Ages,962,Maternal and neonatal disorders,2,Percent,2019,0.013369187720287152,0.015684696646797464,0.011201288275744866,cause,NA,NA
2,DALYs (Disability-Adjusted Life Years),527,California,3,Both,22,All Ages,962,Maternal and neonatal disorders,3,Rate,2019,378.89789831254694,426.9604793657254,334.8056084504909,cause,NA,NA
2,DALYs (Disability-Adjusted Life Years),527,California,3,Both,22,All Ages,717,Self-harm and interpersonal violence,1,Number,2019,337725.36943214067,390402.8784582704,287782.7003939484,cause,NA,NA
2,DALYs (Disability-Adjusted Life Years),527,California,3,Both,22,All Ages,717,Self-harm and interpersonal violence,2,Percent,2019,0.02983546906254589,0.03455185659338329,0.025422160649963697,cause,NA,NA
2,DALYs (Disability-Adjusted Life Years),527,California,3,Both,22,All Ages,717,Self-harm and interpersonal violence,3,Rate,2019,847.0231999459866,979.1396362549303,721.7658068940474,cause,NA,NA
2,DALYs (Disability-Adjusted Life Years),527,California,3,Both,22,All Ages,526,Digestive diseases,1,Number,2019,404969.2857575567,467447.41603342275,343758.44407134666,cause,NA,NA
2,DALYs (Disability-Adjusted Life Years),527,California,3,Both,22,All Ages,526,Digestive diseases,2,Percent,2019,0.0357328673889146,0.03992091183354769,0.031482236989563026,cause,NA,NA
2,DALYs (Disability-Adjusted Life Years),527,California,3,Both,22,All Ages,526,Digestive diseases,3,Rate,2019,1015.67252966209,1172.3691554497468,862.1542935769019,cause,NA,NA
2,DALYs (Disability-Adjusted Life Years),527,California,3,Both,22,All Ages,626,Musculoskeletal disorders,1,Number,2019,1564571.2182709344,2047569.1590343232,1127377.5162615736,cause,NA,NA
2,DALYs (Disability-Adjusted Life Years),527,California,3,Both,22,All Ages,626,Musculoskeletal disorders,2,Percent,2019,0.1373152871021213,0.16440953719581222,0.11258262458569052,cause,NA,NA
2,DALYs (Disability-Adjusted Life Years),527,California,3,Both,22,All Ages,626,Musculoskeletal disorders,3,Rate,2019,3923.981553625975,5135.351792233205,2827.48942721316,cause,NA,NA
2,DALYs (Disability-Adjusted Life Years),527,California,3,Both,22,All Ages,640,Other non-communicable diseases,1,Number,2019,549735.5239703079,694739.0682058937,435030.09505022486,cause,NA,NA
2,DALYs (Disability-Adjusted Life Years),527,California,3,Both,22,All Ages,640,Other non-communicable diseases,2,Percent,2019,0.04836694213496056,0.057049569872478625,0.04157292992563122,cause,NA,NA
2,DALYs (Disability-Adjusted Life Years),527,California,3,Both,22,All Ages,640,Other non-communicable diseases,3,Rate,2019,1378.7496729080474,1742.4219852618698,1091.065749078371,cause,NA,NA
3,YLDs (Years Lived with Disability),527,California,3,Both,22,All Ages,410,Neoplasms,1,Number,2019,116237.34331699829,159840.435541436,78773.34563437896,cause,NA,NA
3,YLDs (Years Lived with Disability),527,California,3,Both,22,All Ages,410,Neoplasms,2,Percent,2019,0.019489630030203244,0.023618661936452946,0.015743526334241444,cause,NA,NA
3,YLDs (Years Lived with Disability),527,California,3,Both,22,All Ages,410,Neoplasms,3,Rate,2019,291.52600130434337,400.88358603534226,197.5654106230522,cause,NA,NA
3,YLDs (Years Lived with Disability),527,California,3,Both,22,All Ages,526,Digestive diseases,1,Number,2019,93393.92500156649,129832.03578569427,65117.66189011102,cause,NA,NA
3,YLDs (Years Lived with Disability),527,California,3,Both,22,All Ages,526,Digestive diseases,2,Percent,2019,0.015649884232642318,0.019521427326422005,0.012788541370556319,cause,NA,NA
3,YLDs (Years Lived with Disability),527,California,3,Both,22,All Ages,526,Digestive diseases,3,Rate,2019,234.2341688554649,325.62181097501787,163.31663339329089,cause,NA,NA
3,YLDs (Years Lived with Disability),527,California,3,Both,22,All Ages,542,Neurological disorders,1,Number,2019,414152.68233813107,762800.3659340189,183030.34910893807,cause,NA,NA
3,YLDs (Years Lived with Disability),527,California,3,Both,22,All Ages,542,Neurological disorders,2,Percent,2019,0.06911060174764558,0.11470447784479389,0.03187512463170282,cause,NA,NA
3,YLDs (Years Lived with Disability),527,California,3,Both,22,All Ages,542,Neurological disorders,3,Rate,2019,1038.7047050983927,1913.1213268336514,459.0444367568727,cause,NA,NA
3,YLDs (Years Lived with Disability),527,California,3,Both,22,All Ages,640,Other non-communicable diseases,1,Number,2019,363531.7293789263,507383.8444721882,247994.23451123986,cause,NA,NA
3,YLDs (Years Lived with Disability),527,California,3,Both,22,All Ages,640,Other non-communicable diseases,2,Percent,2019,0.060858484415217455,0.07541021544743906,0.049872247627575354,cause,NA,NA
3,YLDs (Years Lived with Disability),527,California,3,Both,22,All Ages,640,Other non-communicable diseases,3,Rate,2019,911.7461599588448,1272.5306608394505,621.9753950882051,cause,NA,NA
3,YLDs (Years Lived with Disability),527,California,3,Both,22,All Ages,653,Skin and subcutaneous diseases,1,Number,2019,264279.0804023016,374460.66846581636,179852.01311435335,cause,NA,NA
3,YLDs (Years Lived with Disability),527,California,3,Both,22,All Ages,653,Skin and subcutaneous diseases,2,Percent,2019,0.044289566669106946,0.05647728841786638,0.034912652711593876,cause,NA,NA
3,YLDs (Years Lived with Disability),527,California,3,Both,22,All Ages,653,Skin and subcutaneous diseases,3,Rate,2019,662.8181730544187,939.1561972117685,451.07309504463086,cause,NA,NA
3,YLDs (Years Lived with Disability),527,California,3,Both,22,All Ages,344,Neglected tropical diseases and malaria,1,Number,2019,9637.440097454843,17770.267828696513,4610.4143484499455,cause,NA,NA
3,YLDs (Years Lived with Disability),527,California,3,Both,22,All Ages,344,Neglected tropical diseases and malaria,2,Percent,2019,0.0016252922632842546,0.003101854519063368,7.822636909739505e-4,cause,NA,NA
3,YLDs (Years Lived with Disability),527,California,3,Both,22,All Ages,344,Neglected tropical diseases and malaria,3,Rate,2019,24.170927296221915,44.568251255356486,11.56302803389374,cause,NA,NA
3,YLDs (Years Lived with Disability),527,California,3,Both,22,All Ages,558,Mental disorders,1,Number,2019,855885.0768322152,1113449.05954801,643391.9765533742,cause,NA,NA
3,YLDs (Years Lived with Disability),527,California,3,Both,22,All Ages,558,Mental disorders,2,Percent,2019,0.14370381016280193,0.1633417583819363,0.12302821634097223,cause,NA,NA
3,YLDs (Years Lived with Disability),527,California,3,Both,22,All Ages,558,Mental disorders,3,Rate,2019,2146.5799794175805,2792.556528936466,1613.6422671359687,cause,NA,NA
3,YLDs (Years Lived with Disability),527,California,3,Both,22,All Ages,386,Nutritional deficiencies,1,Number,2019,34668.95118225663,52653.27550486539,22163.352521580462,cause,NA,NA
3,YLDs (Years Lived with Disability),527,California,3,Both,22,All Ages,386,Nutritional deficiencies,2,Percent,2019,0.005799317163487677,0.00793617004102614,0.004236874220575516,cause,NA,NA
3,YLDs (Years Lived with Disability),527,California,3,Both,22,All Ages,386,Nutritional deficiencies,3,Rate,2019,86.95054806969897,132.0556580654801,55.586211382121455,cause,NA,NA
3,YLDs (Years Lived with Disability),527,California,3,Both,22,All Ages,669,Sense organ diseases,1,Number,2019,318667.81899699284,442317.9424205998,222171.09396045157,cause,NA,NA
3,YLDs (Years Lived with Disability),527,California,3,Both,22,All Ages,669,Sense organ diseases,2,Percent,2019,0.053386743553669916,0.06472942782336108,0.044332151548517405,cause,NA,NA
3,YLDs (Years Lived with Disability),527,California,3,Both,22,All Ages,669,Sense organ diseases,3,Rate,2019,799.226413521997,1109.3438423431803,557.2103489243323,cause,NA,NA
3,YLDs (Years Lived with Disability),527,California,3,Both,22,All Ages,508,Chronic respiratory diseases,1,Number,2019,353598.68795185426,432088.8674307258,275926.0047940767,cause,NA,NA
3,YLDs (Years Lived with Disability),527,California,3,Both,22,All Ages,508,Chronic respiratory diseases,2,Percent,2019,0.0596101528075224,0.06849353501724052,0.05166283053778452,cause,NA,NA
3,YLDs (Years Lived with Disability),527,California,3,Both,22,All Ages,508,Chronic respiratory diseases,3,Rate,2019,886.8338575490458,1083.6890807687719,692.0289344030198,cause,NA,NA
3,YLDs (Years Lived with Disability),527,California,3,Both,22,All Ages,955,HIV/AIDS and sexually transmitted infections,1,Number,2019,19514.652154406045,32699.429815979645,9802.382486194074,cause,NA,NA
3,YLDs (Years Lived with Disability),527,California,3,Both,22,All Ages,955,HIV/AIDS and sexually transmitted infections,2,Percent,2019,0.0032671124444761572,0.004966222432959867,0.0018516071955053282,cause,NA,NA
3,YLDs (Years Lived with Disability),527,California,3,Both,22,All Ages,955,HIV/AIDS and sexually transmitted infections,3,Rate,2019,48.94320832767375,82.01094198434355,24.584606701330124,cause,NA,NA
3,YLDs (Years Lived with Disability),527,California,3,Both,22,All Ages,956,Respiratory infections and tuberculosis,1,Number,2019,49870.486935375025,76599.61338239147,30635.646560251414,cause,NA,NA
3,YLDs (Years Lived with Disability),527,California,3,Both,22,All Ages,956,Respiratory infections and tuberculosis,2,Percent,2019,0.008340946347697413,0.01144893643583181,0.005725661885988995,cause,NA,NA
3,YLDs (Years Lived with Disability),527,California,3,Both,22,All Ages,956,Respiratory infections and tuberculosis,3,Rate,2019,125.07635863391502,192.11363881508856,76.8349248548009,cause,NA,NA
3,YLDs (Years Lived with Disability),527,California,3,Both,22,All Ages,957,Enteric infections,1,Number,2019,28895.114313690632,39314.65700517281,20045.688110522628,cause,NA,NA
3,YLDs (Years Lived with Disability),527,California,3,Both,22,All Ages,957,Enteric infections,2,Percent,2019,0.004828810282418192,0.005508190835791424,0.004259928266307797,cause,NA,NA
3,YLDs (Years Lived with Disability),527,California,3,Both,22,All Ages,957,Enteric infections,3,Rate,2019,72.46962888793303,98.60208795475592,50.2750590429237,cause,NA,NA
3,YLDs (Years Lived with Disability),527,California,3,Both,22,All Ages,961,Other infectious diseases,1,Number,2019,5162.3340295814905,7570.3558224171475,3366.0564634526113,cause,NA,NA
3,YLDs (Years Lived with Disability),527,California,3,Both,22,All Ages,961,Other infectious diseases,2,Percent,2019,8.62881398294377e-4,0.0010964312342296475,6.597351304037423e-4,cause,NA,NA
3,YLDs (Years Lived with Disability),527,California,3,Both,22,All Ages,961,Other infectious diseases,3,Rate,2019,12.947255624528276,18.98663113231688,8.44214908008378,cause,NA,NA
3,YLDs (Years Lived with Disability),527,California,3,Both,22,All Ages,962,Maternal and neonatal disorders,1,Number,2019,63860.59904537872,82163.39434837436,48875.04436443479,cause,NA,NA
3,YLDs (Years Lived with Disability),527,California,3,Both,22,All Ages,962,Maternal and neonatal disorders,2,Percent,2019,0.010835848645332435,0.01432044397291511,0.008125347328941492,cause,NA,NA
3,YLDs (Years Lived with Disability),527,California,3,Both,22,All Ages,962,Maternal and neonatal disorders,3,Rate,2019,160.16389010051225,206.067732833934,122.57976516444016,cause,NA,NA
3,YLDs (Years Lived with Disability),527,California,3,Both,22,All Ages,491,Cardiovascular diseases,1,Number,2019,243641.62666765696,311234.2852424926,176875.6485628718,cause,NA,NA
3,YLDs (Years Lived with Disability),527,California,3,Both,22,All Ages,491,Cardiovascular diseases,2,Percent,2019,0.040902362983052734,0.04570669988500135,0.03595102441689107,cause,NA,NA
3,YLDs (Years Lived with Disability),527,California,3,Both,22,All Ages,491,Cardiovascular diseases,3,Rate,2019,611.0589518551114,780.5829353662689,443.6083024800668,cause,NA,NA
3,YLDs (Years Lived with Disability),527,California,3,Both,22,All Ages,688,Transport injuries,1,Number,2019,89661.00265743723,118708.20790329197,65481.90063155712,cause,NA,NA
3,YLDs (Years Lived with Disability),527,California,3,Both,22,All Ages,688,Transport injuries,2,Percent,2019,0.015020332874838433,0.016818451756355123,0.013280236683970482,cause,NA,NA
3,YLDs (Years Lived with Disability),527,California,3,Both,22,All Ages,688,Transport injuries,3,Rate,2019,224.8719114852512,297.7229880217899,164.2301527562061,cause,NA,NA
3,YLDs (Years Lived with Disability),527,California,3,Both,22,All Ages,696,Unintentional injuries,1,Number,2019,303548.5031126233,425059.0849638803,212528.24733595827,cause,NA,NA
3,YLDs (Years Lived with Disability),527,California,3,Both,22,All Ages,696,Unintentional injuries,2,Percent,2019,0.050854962310899324,0.06258800839175836,0.04232874642099147,cause,NA,NA
3,YLDs (Years Lived with Disability),527,California,3,Both,22,All Ages,696,Unintentional injuries,3,Rate,2019,761.3068123297445,1066.0582203747083,533.0258619306543,cause,NA,NA
3,YLDs (Years Lived with Disability),527,California,3,Both,22,All Ages,626,Musculoskeletal disorders,1,Number,2019,1541996.506081657,2026824.2880090033,1108492.4809783576,cause,NA,NA
3,YLDs (Years Lived with Disability),527,California,3,Both,22,All Ages,626,Musculoskeletal disorders,2,Percent,2019,0.2583175385709785,0.2901451582354164,0.23102041370756982,cause,NA,NA
3,YLDs (Years Lived with Disability),527,California,3,Both,22,All Ages,626,Musculoskeletal disorders,3,Rate,2019,3867.363642485415,5083.323165932852,2780.1253128631533,cause,NA,NA
3,YLDs (Years Lived with Disability),527,California,3,Both,22,All Ages,973,Substance use disorders,1,Number,2019,395536.5356491971,514311.09661267494,280272.400290298,cause,NA,NA
3,YLDs (Years Lived with Disability),527,California,3,Both,22,All Ages,973,Substance use disorders,2,Percent,2019,0.06649819978652038,0.0812437933642373,0.05220109839990744,cause,NA,NA
3,YLDs (Years Lived with Disability),527,California,3,Both,22,All Ages,973,Substance use disorders,3,Rate,2019,992.0149696910764,1289.9043727543522,702.9297969222622,cause,NA,NA
3,YLDs (Years Lived with Disability),527,California,3,Both,22,All Ages,974,Diabetes and kidney diseases,1,Number,2019,363623.3300584761,482242.5627451531,260235.67476795107,cause,NA,NA
3,YLDs (Years Lived with Disability),527,California,3,Both,22,All Ages,974,Diabetes and kidney diseases,2,Percent,2019,0.06089604681181382,0.06868707338658006,0.054081142228582055,cause,NA,NA
3,YLDs (Years Lived with Disability),527,California,3,Both,22,All Ages,974,Diabetes and kidney diseases,3,Rate,2019,911.9758966257702,1209.4757327036605,652.6772162620822,cause,NA,NA
3,YLDs (Years Lived with Disability),527,California,3,Both,22,All Ages,717,Self-harm and interpersonal violence,1,Number,2019,34844.57560579711,46281.26380377769,25045.454547266298,cause,NA,NA
3,YLDs (Years Lived with Disability),527,California,3,Both,22,All Ages,717,Self-harm and interpersonal violence,2,Percent,2019,0.0058514744980965525,0.006975871376243429,0.004929001279876253,cause,NA,NA
3,YLDs (Years Lived with Disability),527,California,3,Both,22,All Ages,717,Self-harm and interpersonal violence,3,Rate,2019,87.39101827028256,116.07450228134806,62.81459130653142,cause,NA,NA
1,Deaths,527,California,3,Both,22,All Ages,491,Cardiovascular diseases,1,Number,2019,94370.74295489694,109141.64347072334,79474.86968665,cause,NA,NA
1,Deaths,527,California,3,Both,22,All Ages,491,Cardiovascular diseases,2,Percent,2019,0.33496835495266325,0.35799845495574406,0.2942444144353975,cause,NA,NA
1,Deaths,527,California,3,Both,22,All Ages,491,Cardiovascular diseases,3,Rate,2019,236.68405134426288,273.7298185664172,199.32484950853714,cause,NA,NA
1,Deaths,527,California,3,Both,22,All Ages,508,Chronic respiratory diseases,1,Number,2019,19361.800482669696,23173.719304932038,15384.296140793183,cause,NA,NA
1,Deaths,527,California,3,Both,22,All Ages,508,Chronic respiratory diseases,2,Percent,2019,0.06872265000581594,0.07726106891235335,0.05647206432710482,cause,NA,NA
1,Deaths,527,California,3,Both,22,All Ages,508,Chronic respiratory diseases,3,Rate,2019,48.55985272626035,58.120235128671965,38.58417793132248,cause,NA,NA
1,Deaths,527,California,3,Both,22,All Ages,653,Skin and subcutaneous diseases,1,Number,2019,535.0579526716429,1242.044650004705,348.1806486760904,cause,NA,NA
1,Deaths,527,California,3,Both,22,All Ages,653,Skin and subcutaneous diseases,2,Percent,2019,0.0018985966487900443,0.0043141841261007605,0.0012973875417915052,cause,NA,NA
1,Deaths,527,California,3,Both,22,All Ages,653,Skin and subcutaneous diseases,3,Rate,2019,1.3419379775659572,3.1150773058349275,0.8732452871301076,cause,NA,NA
1,Deaths,527,California,3,Both,22,All Ages,688,Transport injuries,1,Number,2019,4315.577557201679,5036.087338501107,3640.752295587941,cause,NA,NA
1,Deaths,527,California,3,Both,22,All Ages,688,Transport injuries,2,Percent,2019,0.01530303411434371,0.016423593541814968,0.014252814930499026,cause,NA,NA
1,Deaths,527,California,3,Both,22,All Ages,688,Transport injuries,3,Rate,2019,10.823570400595939,12.630625942721133,9.131092712415327,cause,NA,NA
1,Deaths,527,California,3,Both,22,All Ages,973,Substance use disorders,1,Number,2019,6398.281128695819,7767.605319261654,5218.718330865431,cause,NA,NA
1,Deaths,527,California,3,Both,22,All Ages,973,Substance use disorders,2,Percent,2019,0.022678534984510442,0.025395882720489767,0.020414561622031785,cause,NA,NA
1,Deaths,527,California,3,Both,22,All Ages,973,Substance use disorders,3,Rate,2019,16.047040128772128,19.481337527296606,13.088668783334036,cause,NA,NA
1,Deaths,527,California,3,Both,22,All Ages,974,Diabetes and kidney diseases,1,Number,2019,17434.070671613754,20421.7182645428,14662.793671977119,cause,NA,NA
1,Deaths,527,California,3,Both,22,All Ages,974,Diabetes and kidney diseases,2,Percent,2019,0.06185974266653647,0.06660026038473768,0.05535533621808582,cause,NA,NA
1,Deaths,527,California,3,Both,22,All Ages,974,Diabetes and kidney diseases,3,Rate,2019,43.72506084806254,51.218151546960016,36.77463270546906,cause,NA,NA
1,Deaths,527,California,3,Both,22,All Ages,386,Nutritional deficiencies,1,Number,2019,389.50996003979037,465.675460248955,316.7512810120382,cause,NA,NA
1,Deaths,527,California,3,Both,22,All Ages,386,Nutritional deficiencies,2,Percent,2019,0.0013833118324043723,0.001599201499710748,0.0011346664154756934,cause,NA,NA
1,Deaths,527,California,3,Both,22,All Ages,386,Nutritional deficiencies,3,Rate,2019,0.9769001757803337,1.1679250485079253,0.7944196910078909,cause,NA,NA
1,Deaths,527,California,3,Both,22,All Ages,410,Neoplasms,1,Number,2019,72872.43290999079,84657.08766982504,62079.78921451083,cause,NA,NA
1,Deaths,527,California,3,Both,22,All Ages,410,Neoplasms,2,Percent,2019,0.2584939856060309,0.2719234092824076,0.2405927486485996,cause,NA,NA
1,Deaths,527,California,3,Both,22,All Ages,410,Neoplasms,3,Rate,2019,182.76578219473058,212.32197455812135,155.69757700128253,cause,NA,NA
1,Deaths,527,California,3,Both,22,All Ages,542,Neurological disorders,1,Number,2019,21072.200662542098,44628.79125541538,9584.57537120716,cause,NA,NA
1,Deaths,527,California,3,Both,22,All Ages,542,Neurological disorders,2,Percent,2019,0.074819140825344,0.1537239875497269,0.03459007649385444,cause,NA,NA
1,Deaths,527,California,3,Both,22,All Ages,542,Neurological disorders,3,Rate,2019,52.84957675848119,111.93006211657693,24.03834131470128,cause,NA,NA
1,Deaths,527,California,3,Both,22,All Ages,344,Neglected tropical diseases and malaria,1,Number,2019,17.285822522991502,23.377717854550962,7.423042899477416,cause,NA,NA
1,Deaths,527,California,3,Both,22,All Ages,344,Neglected tropical diseases and malaria,2,Percent,2019,6.139024218165557e-5,8.148920854234957e-5,2.6763046950894145e-5,cause,NA,NA
1,Deaths,527,California,3,Both,22,All Ages,344,Neglected tropical diseases and malaria,3,Rate,2019,0.04335325099130455,0.05863186830734934,0.01861716684365059,cause,NA,NA
1,Deaths,527,California,3,Both,22,All Ages,626,Musculoskeletal disorders,1,Number,2019,1043.1713511802163,1724.3972932319566,788.3284793931136,cause,NA,NA
1,Deaths,527,California,3,Both,22,All Ages,626,Musculoskeletal disorders,2,Percent,2019,0.003701733038280816,0.005945524403921142,0.0028091444803892843,cause,NA,NA
1,Deaths,527,California,3,Both,22,All Ages,626,Musculoskeletal disorders,3,Rate,2019,2.616298377152815,4.324829122986597,1.9771464380862172,cause,NA,NA
1,Deaths,527,California,3,Both,22,All Ages,640,Other non-communicable diseases,1,Number,2019,6753.348774539953,7870.02268846824,5699.251844174625,cause,NA,NA
1,Deaths,527,California,3,Both,22,All Ages,640,Other non-communicable diseases,2,Percent,2019,0.02397783707877918,0.026492254944104145,0.02091933009166437,cause,NA,NA
1,Deaths,527,California,3,Both,22,All Ages,640,Other non-communicable diseases,3,Rate,2019,16.937558167395867,19.73820270725414,14.293858179703102,cause,NA,NA
1,Deaths,527,California,3,Both,22,All Ages,558,Mental disorders,1,Number,2019,5.456346301136015,7.531477753514244,3.8914123843851027,cause,NA,NA
1,Deaths,527,California,3,Both,22,All Ages,558,Mental disorders,2,Percent,2019,1.9337355962732856e-5,2.5693851467587358e-5,1.4502721821404688e-5,cause,NA,NA
1,Deaths,527,California,3,Both,22,All Ages,558,Mental disorders,3,Rate,2019,0.013684645342967944,0.018889124017630095,0.00975975413299119,cause,NA,NA
1,Deaths,527,California,3,Both,22,All Ages,717,Self-harm and interpersonal violence,1,Number,2019,6728.162647118793,7966.677359777374,5632.65827431948,cause,NA,NA
1,Deaths,527,California,3,Both,22,All Ages,717,Self-harm and interpersonal violence,2,Percent,2019,0.023852123964971324,0.02574037802291532,0.021926777305566605,cause,NA,NA
1,Deaths,527,California,3,Both,22,All Ages,717,Self-harm and interpersonal violence,3,Rate,2019,16.87439076520044,19.980614904832446,14.126839934288569,cause,NA,NA
1,Deaths,527,California,3,Both,22,All Ages,955,HIV/AIDS and sexually transmitted infections,1,Number,2019,790.7774794991046,831.060627544665,753.2141154910039,cause,NA,NA
1,Deaths,527,California,3,Both,22,All Ages,955,HIV/AIDS and sexually transmitted infections,2,Percent,2019,0.002818408015104455,0.0032277324344759492,0.0024411344302624417,cause,NA,NA
1,Deaths,527,California,3,Both,22,All Ages,955,HIV/AIDS and sexually transmitted infections,3,Rate,2019,1.9832885881708575,2.084319674520165,1.8890787843993098,cause,NA,NA
1,Deaths,527,California,3,Both,22,All Ages,956,Respiratory infections and tuberculosis,1,Number,2019,8718.303797074142,10352.955649885636,7261.568574024769,cause,NA,NA
1,Deaths,527,California,3,Both,22,All Ages,956,Respiratory infections and tuberculosis,2,Percent,2019,0.03095607929755163,0.03464022619270595,0.02636278361751153,cause,NA,NA
1,Deaths,527,California,3,Both,22,All Ages,956,Respiratory infections and tuberculosis,3,Rate,2019,21.86571175483687,25.965457194435057,18.21218542314317,cause,NA,NA
1,Deaths,527,California,3,Both,22,All Ages,957,Enteric infections,1,Number,2019,1121.2630986213262,1367.5380850904023,913.1613172185852,cause,NA,NA
1,Deaths,527,California,3,Both,22,All Ages,957,Enteric infections,2,Percent,2019,0.003980909142709045,0.004609461752598616,0.0033289532269293338,cause,NA,NA
1,Deaths,527,California,3,Both,22,All Ages,957,Enteric infections,3,Rate,2019,2.8121543234151885,3.4298178038236613,2.290230142550163,cause,NA,NA
1,Deaths,527,California,3,Both,22,All Ages,961,Other infectious diseases,1,Number,2019,678.9662158098425,966.0355700622779,533.5514069740989,cause,NA,NA
1,Deaths,527,California,3,Both,22,All Ages,961,Other infectious diseases,2,Percent,2019,0.002407109878461189,0.0033040220754532016,0.0020400077626778236,cause,NA,NA
1,Deaths,527,California,3,Both,22,All Ages,961,Other infectious diseases,3,Rate,2019,1.702863299068876,2.4228400169985105,1.3381595253882494,cause,NA,NA
1,Deaths,527,California,3,Both,22,All Ages,962,Maternal and neonatal disorders,1,Number,2019,1014.8863466588517,1130.7937555801889,896.7901514905275,cause,NA,NA
1,Deaths,527,California,3,Both,22,All Ages,962,Maternal and neonatal disorders,2,Percent,2019,0.003615927878131861,0.004198854757620534,0.0030609858299529636,cause,NA,NA
1,Deaths,527,California,3,Both,22,All Ages,962,Maternal and neonatal disorders,3,Rate,2019,2.54535891802821,2.8360574360787676,2.2491708723948256,cause,NA,NA
1,Deaths,527,California,3,Both,22,All Ages,526,Digestive diseases,1,Number,2019,13220.868106592892,15467.77384039748,11111.821187562748,cause,NA,NA
1,Deaths,527,California,3,Both,22,All Ages,526,Digestive diseases,2,Percent,2019,0.0468849289527739,0.04968057163385535,0.04348202848203841,cause,NA,NA
1,Deaths,527,California,3,Both,22,All Ages,526,Digestive diseases,3,Rate,2019,33.15824934484301,38.7935419727679,27.868709879102408,cause,NA,NA
1,Deaths,527,California,3,Both,22,All Ages,696,Unintentional injuries,1,Number,2019,4958.778996855448,5841.047361660505,4226.1346037018,cause,NA,NA
1,Deaths,527,California,3,Both,22,All Ages,696,Unintentional injuries,2,Percent,2019,0.0175968635186532,0.01900129901071985,0.01579321133054115,cause,NA,NA
1,Deaths,527,California,3,Both,22,All Ages,696,Unintentional injuries,3,Rate,2019,12.43673479668933,14.649484685229863,10.599245361545814,cause,NA,NA
1,Deaths,527,California,3,Both,22,All Ages,294,All causes,1,Number,2019,120.89309188251401,178.28008923275425,75.61679196567412,risk,135,Intimate partner violence
1,Deaths,527,California,3,Both,22,All Ages,294,All causes,2,Percent,2019,4.289849117870805e-4,6.265593012777733e-4,2.744453434410523e-4,risk,135,Intimate partner violence
1,Deaths,527,California,3,Both,22,All Ages,294,All causes,3,Rate,2019,0.3032027286249404,0.44713067283778757,0.18964869949837956,risk,135,Intimate partner violence
1,Deaths,527,California,3,Both,22,All Ages,294,All causes,1,Number,2019,190.89256607817234,274.79935469247783,119.04204431859561,risk,82,"Unsafe water, sanitation, and handwashing"
1,Deaths,527,California,3,Both,22,All Ages,294,All causes,2,Percent,2019,6.78030876324713e-4,9.742910988208288e-4,4.232868087287432e-4,risk,82,"Unsafe water, sanitation, and handwashing"
1,Deaths,527,California,3,Both,22,All Ages,294,All causes,3,Rate,2019,0.47876306253600187,0.6892032693489542,0.2985602576329668,risk,82,"Unsafe water, sanitation, and handwashing"
1,Deaths,527,California,3,Both,22,All Ages,294,All causes,1,Number,2019,7736.998879262423,11035.63202459562,5087.629602044918,risk,85,Air pollution
1,Deaths,527,California,3,Both,22,All Ages,294,All causes,2,Percent,2019,0.02746645758944884,0.03704757901141743,0.018316474261071046,risk,85,Air pollution
1,Deaths,527,California,3,Both,22,All Ages,294,All causes,3,Rate,2019,19.4045758531864,27.677625659619185,12.759895156558237,risk,85,Air pollution
1,Deaths,527,California,3,Both,22,All Ages,294,All causes,1,Number,2019,3258.985437966306,5553.967606474029,1366.302944493904,risk,89,Other environmental risks
1,Deaths,527,California,3,Both,22,All Ages,294,All causes,2,Percent,2019,0.011579215845877183,0.020325111448645107,0.004839759113295509,risk,89,Other environmental risks
1,Deaths,527,California,3,Both,22,All Ages,294,All causes,3,Rate,2019,8.173612420307819,13.929481881512096,3.4267200420470187,risk,89,Other environmental risks
1,Deaths,527,California,3,Both,22,All Ages,294,All causes,1,Number,2019,1215.9270305544744,1339.9100122726518,1083.3927306723856,risk,92,Child and maternal malnutrition
1,Deaths,527,California,3,Both,22,All Ages,294,All causes,2,Percent,2019,0.004329304106568838,0.00491730241041659,0.003739881393199903,risk,92,Child and maternal malnutrition
1,Deaths,527,California,3,Both,22,All Ages,294,All causes,3,Rate,2019,3.0495736996388594,3.360525944921321,2.7171745465119104,risk,92,Child and maternal malnutrition
1,Deaths,527,California,3,Both,22,All Ages,294,All causes,1,Number,2019,42374.59604402632,48841.168304737046,36347.104791782585,risk,98,Tobacco
1,Deaths,527,California,3,Both,22,All Ages,294,All causes,2,Percent,2019,0.15031696827901597,0.15904895373334377,0.1422732099256657,risk,98,Tobacco
1,Deaths,527,California,3,Both,22,All Ages,294,All causes,3,Rate,2019,106.27648730677178,122.4948032069331,91.1593969421767,risk,98,Tobacco
1,Deaths,527,California,3,Both,22,All Ages,294,All causes,1,Number,2019,169.74427581872555,379.676326041616,22.41197690043474,risk,381,Childhood sexual abuse and bullying
1,Deaths,527,California,3,Both,22,All Ages,294,All causes,2,Percent,2019,6.02240125772406e-4,0.0013600782472180997,8.118775096491702e-5,risk,381,Childhood sexual abuse and bullying
1,Deaths,527,California,3,Both,22,All Ages,294,All causes,3,Rate,2019,0.42572265127207237,0.9522371895491358,0.05620976719409917,risk,381,Childhood sexual abuse and bullying
1,Deaths,527,California,3,Both,22,All Ages,294,All causes,1,Number,2019,15032.02207636101,20614.250933431067,9640.176955740555,risk,102,Alcohol use
1,Deaths,527,California,3,Both,22,All Ages,294,All causes,2,Percent,2019,0.053281222607704896,0.06983233552124433,0.034593431585141644,risk,102,Alcohol use
1,Deaths,527,California,3,Both,22,All Ages,294,All causes,3,Rate,2019,37.700666260833984,51.70102802606515,24.177791401417394,risk,102,Alcohol use
1,Deaths,527,California,3,Both,22,All Ages,294,All causes,1,Number,2019,9602.758134355396,11574.915218392767,7955.765967432942,risk,103,Drug use
1,Deaths,527,California,3,Both,22,All Ages,294,All causes,2,Percent,2019,0.034036935435839244,0.03734250051767152,0.030857989968850755,risk,103,Drug use
1,Deaths,527,California,3,Both,22,All Ages,294,All causes,3,Rate,2019,24.08394411395668,29.030160641682286,19.95324887522387,risk,103,Drug use
1,Deaths,527,California,3,Both,22,All Ages,294,All causes,1,Number,2019,39790.732128962496,55007.49159490135,27718.74730847423,risk,105,High fasting plasma glucose
1,Deaths,527,California,3,Both,22,All Ages,294,All causes,2,Percent,2019,0.14113643884734106,0.19194035640650703,0.10098024403384676,risk,105,High fasting plasma glucose
1,Deaths,527,California,3,Both,22,All Ages,294,All causes,3,Rate,2019,99.79609560495123,137.96008760033993,69.51927266582078,risk,105,High fasting plasma glucose
1,Deaths,527,California,3,Both,22,All Ages,294,All causes,1,Number,2019,48677.58045775694,59780.176114257316,37990.256876070336,risk,107,High systolic blood pressure
1,Deaths,527,California,3,Both,22,All Ages,294,All causes,2,Percent,2019,0.17279297990860623,0.20585441275234342,0.13850171047268828,risk,107,High systolic blood pressure
1,Deaths,527,California,3,Both,22,All Ages,294,All causes,3,Rate,2019,122.08452102453627,149.9300930539274,95.2804611630006,risk,107,High systolic blood pressure
1,Deaths,527,California,3,Both,22,All Ages,294,All causes,1,Number,2019,37107.64863021642,51471.6490354735,23182.720012739763,risk,108,High body-mass index
1,Deaths,527,California,3,Both,22,All Ages,294,All causes,2,Percent,2019,0.13168856465646733,0.17882179841397108,0.08473561484474489,risk,108,High body-mass index
1,Deaths,527,California,3,Both,22,All Ages,294,All causes,3,Rate,2019,93.06685884476515,129.0921109830442,58.14280911635283,risk,108,High body-mass index
1,Deaths,527,California,3,Both,22,All Ages,294,All causes,1,Number,2019,2010.6849966284221,2397.350614729393,1632.2781251987826,risk,109,Low bone mineral density
1,Deaths,527,California,3,Both,22,All Ages,294,All causes,2,Percent,2019,0.007138376907331228,0.008041925432871471,0.005933939241844348,risk,109,Low bone mineral density
1,Deaths,527,California,3,Both,22,All Ages,294,All causes,3,Rate,2019,5.042845442115339,6.012611941160611,4.093792074703793,risk,109,Low bone mineral density
1,Deaths,527,California,3,Both,22,All Ages,294,All causes,1,Number,2019,39030.51097034808,49635.81982016548,30433.899890337783,risk,110,Dietary risks
1,Deaths,527,California,3,Both,22,All Ages,294,All causes,2,Percent,2019,0.13853864936155175,0.1700248944398914,0.11157336987919643,risk,110,Dietary risks
1,Deaths,527,California,3,Both,22,All Ages,294,All causes,3,Rate,2019,97.88944299096794,124.48780796867746,76.32893944358936,risk,110,Dietary risks
1,Deaths,527,California,3,Both,22,All Ages,294,All causes,1,Number,2019,2619.1780381699214,5655.167607332868,1059.115404654846,risk,125,Low physical activity
1,Deaths,527,California,3,Both,22,All Ages,294,All causes,2,Percent,2019,0.009298724210988865,0.020476509878823854,0.003827409133058058,risk,125,Low physical activity
1,Deaths,527,California,3,Both,22,All Ages,294,All causes,3,Rate,2019,6.568960356307209,14.183293872912445,2.6562864396927983,risk,125,Low physical activity
1,Deaths,527,California,3,Both,22,All Ages,294,All causes,1,Number,2019,5857.835800123726,7365.295012476736,4558.106898737895,risk,126,Occupational risks
1,Deaths,527,California,3,Both,22,All Ages,294,All causes,2,Percent,2019,0.020769181719630606,0.024807836779209363,0.017202812327582775,risk,126,Occupational risks
1,Deaths,527,California,3,Both,22,All Ages,294,All causes,3,Rate,2019,14.691590485256452,18.472333779674138,11.431839715081292,risk,126,Occupational risks
1,Deaths,527,California,3,Both,22,All Ages,294,All causes,1,Number,2019,1579.7290874649486,1818.779094128846,1344.758975699034,risk,170,Unsafe sex
1,Deaths,527,California,3,Both,22,All Ages,294,All causes,2,Percent,2019,0.005617366282156667,0.006357505623430872,0.004740427925271254,risk,170,Unsafe sex
1,Deaths,527,California,3,Both,22,All Ages,294,All causes,3,Rate,2019,3.9619978474290236,4.561540907910445,3.3726872596746125,risk,170,Unsafe sex
1,Deaths,527,California,3,Both,22,All Ages,294,All causes,1,Number,2019,12530.50216675652,15097.49586653667,10396.011345360475,risk,331,Non-optimal temperature
1,Deaths,527,California,3,Both,22,All Ages,294,All causes,2,Percent,2019,0.04446893558014661,0.050697395703936846,0.03788325840384842,risk,331,Non-optimal temperature
1,Deaths,527,California,3,Both,22,All Ages,294,All causes,3,Rate,2019,31.426795268777784,37.86487607237536,26.073441895194485,risk,331,Non-optimal temperature
1,Deaths,527,California,3,Both,22,All Ages,294,All causes,1,Number,2019,20294.60683152048,24608.41370001286,16457.19113357797,risk,341,Kidney dysfunction
1,Deaths,527,California,3,Both,22,All Ages,294,All causes,2,Percent,2019,0.07206112540875964,0.08425075777887042,0.06039374415660631,risk,341,Kidney dysfunction
1,Deaths,527,California,3,Both,22,All Ages,294,All causes,3,Rate,2019,50.899353071946685,61.718482543455245,41.27502390336958,risk,341,Kidney dysfunction
1,Deaths,527,California,3,Both,22,All Ages,294,All causes,1,Number,2019,21810.63778015811,30604.374313253862,14597.105452497515,risk,367,High LDL cholesterol
1,Deaths,527,California,3,Both,22,All Ages,294,All causes,2,Percent,2019,0.07742948045748319,0.10594091005515904,0.05307090981826562,risk,367,High LDL cholesterol
1,Deaths,527,California,3,Both,22,All Ages,294,All causes,3,Rate,2019,54.70159448333758,76.75649332101976,36.609885100170935,risk,367,High LDL cholesterol
2,DALYs (Disability-Adjusted Life Years),527,California,3,Both,22,All Ages,294,All causes,1,Number,2019,373420.2826785972,436329.7172708488,316430.7565660241,risk,341,Kidney dysfunction
2,DALYs (Disability-Adjusted Life Years),527,California,3,Both,22,All Ages,294,All causes,2,Percent,2019,0.03297835265632379,0.038028684742135145,0.028450436963701427,risk,341,Kidney dysfunction
2,DALYs (Disability-Adjusted Life Years),527,California,3,Both,22,All Ages,294,All causes,3,Rate,2019,936.5468850947949,1094.3252322906762,793.6158081299766,risk,341,Kidney dysfunction
2,DALYs (Disability-Adjusted Life Years),527,California,3,Both,22,All Ages,294,All causes,1,Number,2019,378557.2966086351,487951.1193035437,285901.900882491,risk,367,High LDL cholesterol
2,DALYs (Disability-Adjusted Life Years),527,California,3,Both,22,All Ages,294,All causes,2,Percent,2019,0.033444300329238695,0.04267865160362277,0.0251384029061725,risk,367,High LDL cholesterol
2,DALYs (Disability-Adjusted Life Years),527,California,3,Both,22,All Ages,294,All causes,3,Rate,2019,949.4306373118835,1223.792927326294,717.0487173152275,risk,367,High LDL cholesterol
2,DALYs (Disability-Adjusted Life Years),527,California,3,Both,22,All Ages,294,All causes,1,Number,2019,5526.926822823295,8328.98976886496,3512.2931155377064,risk,82,"Unsafe water, sanitation, and handwashing"
2,DALYs (Disability-Adjusted Life Years),527,California,3,Both,22,All Ages,294,All causes,2,Percent,2019,4.86260506926776e-4,7.049068254552485e-4,3.172534763458469e-4,risk,82,"Unsafe water, sanitation, and handwashing"
2,DALYs (Disability-Adjusted Life Years),527,California,3,Both,22,All Ages,294,All causes,3,Rate,2019,13.86166295770603,20.88930298071349,8.808914056036805,risk,82,"Unsafe water, sanitation, and handwashing"
2,DALYs (Disability-Adjusted Life Years),527,California,3,Both,22,All Ages,294,All causes,1,Number,2019,169504.99837486772,206123.77887239167,139591.7718204731,risk,331,Non-optimal temperature
2,DALYs (Disability-Adjusted Life Years),527,California,3,Both,22,All Ages,294,All causes,2,Percent,2019,0.014986748744050635,0.01834267886812464,0.011962922040948228,risk,331,Non-optimal temperature
2,DALYs (Disability-Adjusted Life Years),527,California,3,Both,22,All Ages,294,All causes,3,Rate,2019,425.12253779373845,516.9633038199486,350.09945936935185,risk,331,Non-optimal temperature
2,DALYs (Disability-Adjusted Life Years),527,California,3,Both,22,All Ages,294,All causes,1,Number,2019,21916.947139605676,40507.222509774656,7143.114642336102,risk,135,Intimate partner violence
2,DALYs (Disability-Adjusted Life Years),527,California,3,Both,22,All Ages,294,All causes,2,Percent,2019,0.0019280448911129502,0.0035628903725152166,6.638579456069759e-4,risk,135,Intimate partner violence
2,DALYs (Disability-Adjusted Life Years),527,California,3,Both,22,All Ages,294,All causes,3,Rate,2019,54.9682208667061,101.59307039575971,17.9151001658709,risk,135,Intimate partner violence
2,DALYs (Disability-Adjusted Life Years),527,California,3,Both,22,All Ages,294,All causes,1,Number,2019,69776.34440693574,84308.84477780666,58344.396945758046,risk,170,Unsafe sex
2,DALYs (Disability-Adjusted Life Years),527,California,3,Both,22,All Ages,294,All causes,2,Percent,2019,0.0061632875267004505,0.007278831824653989,0.005180116975837496,risk,170,Unsafe sex
2,DALYs (Disability-Adjusted Life Years),527,California,3,Both,22,All Ages,294,All causes,3,Rate,2019,175.00071913303933,211.44857316321932,146.3291250018001,risk,170,Unsafe sex
2,DALYs (Disability-Adjusted Life Years),527,California,3,Both,22,All Ages,294,All causes,1,Number,2019,860874.3411257146,1022248.1910446062,710576.9490649067,risk,107,High systolic blood pressure
2,DALYs (Disability-Adjusted Life Years),527,California,3,Both,22,All Ages,294,All causes,2,Percent,2019,0.07604335799094136,0.08955366470023018,0.061864482455039005,risk,107,High systolic blood pressure
2,DALYs (Disability-Adjusted Life Years),527,California,3,Both,22,All Ages,294,All causes,3,Rate,2019,2159.093172057978,2563.8225975546015,1782.1437643752388,risk,107,High systolic blood pressure
2,DALYs (Disability-Adjusted Life Years),527,California,3,Both,22,All Ages,294,All causes,1,Number,2019,1207219.475662449,1592483.040411741,827835.191673869,risk,108,High body-mass index
2,DALYs (Disability-Adjusted Life Years),527,California,3,Both,22,All Ages,294,All causes,2,Percent,2019,0.10642448693792142,0.1355629588173542,0.0746518692346585,risk,108,High body-mass index
2,DALYs (Disability-Adjusted Life Years),527,California,3,Both,22,All Ages,294,All causes,3,Rate,2019,3027.734946391655,3993.9850625296167,2076.2302052063965,risk,108,High body-mass index
2,DALYs (Disability-Adjusted Life Years),527,California,3,Both,22,All Ages,294,All causes,1,Number,2019,110954.13964412105,141328.62812337215,86304.86481620792,risk,109,Low bone mineral density
2,DALYs (Disability-Adjusted Life Years),527,California,3,Both,22,All Ages,294,All causes,2,Percent,2019,0.009761944486461222,0.01141750492829166,0.008189582207452637,risk,109,Low bone mineral density
2,DALYs (Disability-Adjusted Life Years),527,California,3,Both,22,All Ages,294,All causes,3,Rate,2019,278.2756017607998,354.4555359827303,216.45463854387367,risk,109,Low bone mineral density
2,DALYs (Disability-Adjusted Life Years),527,California,3,Both,22,All Ages,294,All causes,1,Number,2019,806109.9264042636,1001310.6716052495,647798.6618811443,risk,110,Dietary risks
2,DALYs (Disability-Adjusted Life Years),527,California,3,Both,22,All Ages,294,All causes,2,Percent,2019,0.071137804716122,0.08686028988860149,0.05827223319193181,risk,110,Dietary risks
2,DALYs (Disability-Adjusted Life Years),527,California,3,Both,22,All Ages,294,All causes,3,Rate,2019,2021.7427269950974,2511.31080448358,1624.6943379761278,risk,110,Dietary risks
2,DALYs (Disability-Adjusted Life Years),527,California,3,Both,22,All Ages,294,All causes,1,Number,2019,50538.697071000366,101285.05797903625,23654.551257566618,risk,125,Low physical activity
2,DALYs (Disability-Adjusted Life Years),527,California,3,Both,22,All Ages,294,All causes,2,Percent,2019,0.0044602042467010595,0.009026819042117216,0.0020494052528621273,risk,125,Low physical activity
2,DALYs (Disability-Adjusted Life Years),527,California,3,Both,22,All Ages,294,All causes,3,Rate,2019,126.75224542993918,254.0253166659309,59.32617301791497,risk,125,Low physical activity
2,DALYs (Disability-Adjusted Life Years),527,California,3,Both,22,All Ages,294,All causes,1,Number,2019,316793.02876344364,383447.72388167254,258568.46013314652,risk,126,Occupational risks
2,DALYs (Disability-Adjusted Life Years),527,California,3,Both,22,All Ages,294,All causes,2,Percent,2019,0.027887780480303288,0.03109115597630909,0.02503468283284131,risk,126,Occupational risks
2,DALYs (Disability-Adjusted Life Years),527,California,3,Both,22,All Ages,294,All causes,3,Rate,2019,794.5243953540449,961.6959443715089,648.4958025964659,risk,126,Occupational risks
2,DALYs (Disability-Adjusted Life Years),527,California,3,Both,22,All Ages,294,All causes,1,Number,2019,176823.24648861156,251495.057477011,115462.06779261793,risk,85,Air pollution
2,DALYs (Disability-Adjusted Life Years),527,California,3,Both,22,All Ages,294,All causes,2,Percent,2019,0.015618158252823542,0.021360909284650297,0.01043872606699428,risk,85,Air pollution
2,DALYs (Disability-Adjusted Life Years),527,California,3,Both,22,All Ages,294,All causes,3,Rate,2019,443.47687684065437,630.755541737827,289.58159198559844,risk,85,Air pollution
2,DALYs (Disability-Adjusted Life Years),527,California,3,Both,22,All Ages,294,All causes,1,Number,2019,54952.58430280026,95451.12739927522,22245.273691896244,risk,89,Other environmental risks
2,DALYs (Disability-Adjusted Life Years),527,California,3,Both,22,All Ages,294,All causes,2,Percent,2019,0.004857372884334858,0.00870791530858409,0.0019099490870842326,risk,89,Other environmental risks
2,DALYs (Disability-Adjusted Life Years),527,California,3,Both,22,All Ages,294,All causes,3,Rate,2019,137.82237881543566,239.3936810377262,55.79167161136293,risk,89,Other environmental risks
2,DALYs (Disability-Adjusted Life Years),527,California,3,Both,22,All Ages,294,All causes,1,Number,2019,159001.0101216196,182789.15390816916,138680.57883723843,risk,92,Child and maternal malnutrition
2,DALYs (Disability-Adjusted Life Years),527,California,3,Both,22,All Ages,294,All causes,2,Percent,2019,0.014047108809212347,0.01620997051082183,0.012163041567524287,risk,92,Child and maternal malnutrition
2,DALYs (Disability-Adjusted Life Years),527,California,3,Both,22,All Ages,294,All causes,3,Rate,2019,398.7782872643188,458.43951349892944,347.814165854904,risk,92,Child and maternal malnutrition
2,DALYs (Disability-Adjusted Life Years),527,California,3,Both,22,All Ages,294,All causes,1,Number,2019,1115948.5440915218,1262772.9227815748,973621.2592398631,risk,98,Tobacco
2,DALYs (Disability-Adjusted Life Years),527,California,3,Both,22,All Ages,294,All causes,2,Percent,2019,0.09851680205900698,0.10928415085259242,0.08754261842875277,risk,98,Tobacco
2,DALYs (Disability-Adjusted Life Years),527,California,3,Both,22,All Ages,294,All causes,3,Rate,2019,2798.825295182311,3167.064303336295,2441.8651045475963,risk,98,Tobacco
2,DALYs (Disability-Adjusted Life Years),527,California,3,Both,22,All Ages,294,All causes,1,Number,2019,603445.7578883775,764549.5776812667,445530.28430047113,risk,102,Alcohol use
2,DALYs (Disability-Adjusted Life Years),527,California,3,Both,22,All Ages,294,All causes,2,Percent,2019,0.053224467397523914,0.06574031551235487,0.040656772646345624,risk,102,Alcohol use
2,DALYs (Disability-Adjusted Life Years),527,California,3,Both,22,All Ages,294,All causes,3,Rate,2019,1513.4562076277368,1917.5083911931586,1117.4004716185711,risk,102,Alcohol use
2,DALYs (Disability-Adjusted Life Years),527,California,3,Both,22,All Ages,294,All causes,1,Number,2019,649051.3567705649,770378.9989124731,539328.4388120867,risk,103,Drug use
2,DALYs (Disability-Adjusted Life Years),527,California,3,Both,22,All Ages,294,All causes,2,Percent,2019,0.05724539426432437,0.06528184145565136,0.04987235277487088,risk,103,Drug use
2,DALYs (Disability-Adjusted Life Years),527,California,3,Both,22,All Ages,294,All causes,3,Rate,2019,1627.8361263338622,1932.128717268726,1352.6484576287558,risk,103,Drug use
2,DALYs (Disability-Adjusted Life Years),527,California,3,Both,22,All Ages,294,All causes,1,Number,2019,991559.891249068,1247172.5866081943,763047.6044355696,risk,105,High fasting plasma glucose
2,DALYs (Disability-Adjusted Life Years),527,California,3,Both,22,All Ages,294,All causes,2,Percent,2019,0.08740034669674442,0.10681028435253843,0.0726741864292471,risk,105,High fasting plasma glucose
2,DALYs (Disability-Adjusted Life Years),527,California,3,Both,22,All Ages,294,All causes,3,Rate,2019,2486.855617142605,3127.9382919027225,1913.741406832633,risk,105,High fasting plasma glucose
2,DALYs (Disability-Adjusted Life Years),527,California,3,Both,22,All Ages,294,All causes,1,Number,2019,65696.05340127625,116043.80971243106,29941.618726910627,risk,381,Childhood sexual abuse and bullying
2,DALYs (Disability-Adjusted Life Years),527,California,3,Both,22,All Ages,294,All causes,2,Percent,2019,0.005763885745814374,0.009970754819559453,0.0026980785513600254,risk,381,Childhood sexual abuse and bullying
2,DALYs (Disability-Adjusted Life Years),527,California,3,Both,22,All Ages,294,All causes,3,Rate,2019,164.76725295862747,291.04061445492414,75.09428666337239,risk,381,Childhood sexual abuse and bullying
3,YLDs (Years Lived with Disability),527,California,3,Both,22,All Ages,294,All causes,1,Number,2019,79206.75044565857,100925.14852724363,60827.264755260716,risk,92,Child and maternal malnutrition
3,YLDs (Years Lived with Disability),527,California,3,Both,22,All Ages,294,All causes,2,Percent,2019,0.013366834024295999,0.016457112581582747,0.010698054075076091,risk,92,Child and maternal malnutrition
3,YLDs (Years Lived with Disability),527,California,3,Both,22,All Ages,294,All causes,3,Rate,2019,198.65240012206237,253.12265526367742,152.55621608644068,risk,92,Child and maternal malnutrition
3,YLDs (Years Lived with Disability),527,California,3,Both,22,All Ages,294,All causes,1,Number,2019,16626.435171345136,34500.41975410558,6712.413570515811,risk,125,Low physical activity
3,YLDs (Years Lived with Disability),527,California,3,Both,22,All Ages,294,All causes,2,Percent,2019,0.0027881895545205084,0.005490183923239222,0.0011824273636099737,risk,125,Low physical activity
3,YLDs (Years Lived with Disability),527,California,3,Both,22,All Ages,294,All causes,3,Rate,2019,41.69949194579814,86.52786726901174,16.834891709257786,risk,125,Low physical activity
3,YLDs (Years Lived with Disability),527,California,3,Both,22,All Ages,294,All causes,1,Number,2019,194805.69173328564,258233.49446437255,142958.2258903877,risk,126,Occupational risks
3,YLDs (Years Lived with Disability),527,California,3,Both,22,All Ages,294,All causes,2,Percent,2019,0.0326757900229218,0.03663609522508073,0.02900644797631753,risk,126,Occupational risks
3,YLDs (Years Lived with Disability),527,California,3,Both,22,All Ages,294,All causes,3,Rate,2019,488.5772740646109,647.6557007909248,358.5426056558295,risk,126,Occupational risks
3,YLDs (Years Lived with Disability),527,California,3,Both,22,All Ages,294,All causes,1,Number,2019,16406.85974616856,34828.937712886924,2465.1208166384413,risk,135,Intimate partner violence
3,YLDs (Years Lived with Disability),527,California,3,Both,22,All Ages,294,All causes,2,Percent,2019,0.002751380447248755,0.005894616555241259,4.700063468796805e-4,risk,135,Intimate partner violence
3,YLDs (Years Lived with Disability),527,California,3,Both,22,All Ages,294,All causes,3,Rate,2019,41.14879159546522,87.35179806566632,6.182581207545623,risk,135,Intimate partner violence
3,YLDs (Years Lived with Disability),527,California,3,Both,22,All Ages,294,All causes,1,Number,2019,2802.4819996062697,4808.13588989289,1527.3650666213643,risk,82,"Unsafe water, sanitation, and handwashing"
3,YLDs (Years Lived with Disability),527,California,3,Both,22,All Ages,294,All causes,2,Percent,2019,4.676480121775854e-4,7.374807210654324e-4,2.874056218824009e-4,risk,82,"Unsafe water, sanitation, and handwashing"
3,YLDs (Years Lived with Disability),527,California,3,Both,22,All Ages,294,All causes,3,Rate,2019,7.0286910192409735,12.058918327870924,3.8306676468830965,risk,82,"Unsafe water, sanitation, and handwashing"
3,YLDs (Years Lived with Disability),527,California,3,Both,22,All Ages,294,All causes,1,Number,2019,19331.681604805843,31872.087119885873,10102.469389514792,risk,170,Unsafe sex
3,YLDs (Years Lived with Disability),527,California,3,Both,22,All Ages,294,All causes,2,Percent,2019,0.0032370070465194125,0.004846823917731067,0.0019326828241959231,risk,170,Unsafe sex
3,YLDs (Years Lived with Disability),527,California,3,Both,22,All Ages,294,All causes,3,Rate,2019,48.48431386949661,79.93594696967942,25.337231739656332,risk,170,Unsafe sex
3,YLDs (Years Lived with Disability),527,California,3,Both,22,All Ages,294,All causes,1,Number,2019,325669.9623566399,404834.9975895746,246711.80894680755,risk,98,Tobacco
3,YLDs (Years Lived with Disability),527,California,3,Both,22,All Ages,294,All causes,2,Percent,2019,0.054835120787680734,0.06346416770430649,0.04695272057324837,risk,98,Tobacco
3,YLDs (Years Lived with Disability),527,California,3,Both,22,All Ages,294,All causes,3,Rate,2019,816.7879543826704,1015.3357317663613,618.7590414956267,risk,98,Tobacco
3,YLDs (Years Lived with Disability),527,California,3,Both,22,All Ages,294,All causes,1,Number,2019,163243.55300009466,226302.09454744574,113226.67958819868,risk,102,Alcohol use
3,YLDs (Years Lived with Disability),527,California,3,Both,22,All Ages,294,All causes,2,Percent,2019,0.0273390377368557,0.03399951509498414,0.02168963575268469,risk,102,Alcohol use
3,YLDs (Years Lived with Disability),527,California,3,Both,22,All Ages,294,All causes,3,Rate,2019,409.4186849663808,567.5709959259417,283.97518559329114,risk,102,Alcohol use
3,YLDs (Years Lived with Disability),527,California,3,Both,22,All Ages,294,All causes,1,Number,2019,290801.1581850207,391446.5486637207,202035.42468965412,risk,103,Drug use
3,YLDs (Years Lived with Disability),527,California,3,Both,22,All Ages,294,All causes,2,Percent,2019,0.04896039863701046,0.06393339881221816,0.03677453571688454,risk,103,Drug use
3,YLDs (Years Lived with Disability),527,California,3,Both,22,All Ages,294,All causes,3,Rate,2019,729.3361702972902,981.7571857703699,506.70961500706,risk,103,Drug use
3,YLDs (Years Lived with Disability),527,California,3,Both,22,All Ages,294,All causes,1,Number,2019,370061.767118257,489184.9909954267,262580.8788281772,risk,105,High fasting plasma glucose
3,YLDs (Years Lived with Disability),527,California,3,Both,22,All Ages,294,All causes,2,Percent,2019,0.0619691257775399,0.07063997976936537,0.05371498768146944,risk,105,High fasting plasma glucose
3,YLDs (Years Lived with Disability),527,California,3,Both,22,All Ages,294,All causes,3,Rate,2019,928.1236487777504,1226.8875066602025,658.5590434134128,risk,105,High fasting plasma glucose
3,YLDs (Years Lived with Disability),527,California,3,Both,22,All Ages,294,All causes,1,Number,2019,130962.75805808009,171149.73947192047,92348.75753818288,risk,107,High systolic blood pressure
3,YLDs (Years Lived with Disability),527,California,3,Both,22,All Ages,294,All causes,2,Percent,2019,0.022007450349133328,0.025974034042426968,0.017971691175971125,risk,107,High systolic blood pressure
3,YLDs (Years Lived with Disability),527,California,3,Both,22,All Ages,294,All causes,3,Rate,2019,328.45768912955754,429.2475872960926,231.61286418177943,risk,107,High systolic blood pressure
3,YLDs (Years Lived with Disability),527,California,3,Both,22,All Ages,294,All causes,1,Number,2019,492895.4992769459,702356.2498589,310249.05930368917,risk,108,High body-mass index
3,YLDs (Years Lived with Disability),527,California,3,Both,22,All Ages,294,All causes,2,Percent,2019,0.08258815415556278,0.10462477462282899,0.05958139383005864,risk,108,High body-mass index
3,YLDs (Years Lived with Disability),527,California,3,Both,22,All Ages,294,All causes,3,Rate,2019,1236.1935490322137,1761.526056682822,778.1119654513997,risk,108,High body-mass index
3,YLDs (Years Lived with Disability),527,California,3,Both,22,All Ages,294,All causes,1,Number,2019,80584.80704918063,110809.6523507942,56894.01454152798,risk,109,Low bone mineral density
3,YLDs (Years Lived with Disability),527,California,3,Both,22,All Ages,294,All causes,2,Percent,2019,0.013514084673709197,0.016151406811526332,0.011156677065764845,risk,109,Low bone mineral density
3,YLDs (Years Lived with Disability),527,California,3,Both,22,All Ages,294,All causes,3,Rate,2019,202.10859861844628,277.91322421791295,142.6915316896898,risk,109,Low bone mineral density
3,YLDs (Years Lived with Disability),527,California,3,Both,22,All Ages,294,All causes,1,Number,2019,162992.02873259163,222246.91813853796,112177.99233280904,risk,110,Dietary risks
3,YLDs (Years Lived with Disability),527,California,3,Both,22,All Ages,294,All causes,2,Percent,2019,0.027301202987315157,0.032728479377213814,0.022488064694721775,risk,110,Dietary risks
3,YLDs (Years Lived with Disability),527,California,3,Both,22,All Ages,294,All causes,3,Rate,2019,408.7878561652092,557.4005177531176,281.34505319815526,risk,110,Dietary risks
3,YLDs (Years Lived with Disability),527,California,3,Both,22,All Ages,294,All causes,1,Number,2019,40195.53866489321,63274.46130292267,22566.952911334538,risk,85,Air pollution
3,YLDs (Years Lived with Disability),527,California,3,Both,22,All Ages,294,All causes,2,Percent,2019,0.0067602012769556385,0.0098906705998623,0.004107617922175696,risk,85,Air pollution
3,YLDs (Years Lived with Disability),527,California,3,Both,22,All Ages,294,All causes,3,Rate,2019,100.81135995420522,158.69384280421642,56.59845068828833,risk,85,Air pollution
3,YLDs (Years Lived with Disability),527,California,3,Both,22,All Ages,294,All causes,1,Number,2019,9233.785297984077,15425.985510157156,4226.855722406195,risk,89,Other environmental risks
3,YLDs (Years Lived with Disability),527,California,3,Both,22,All Ages,294,All causes,2,Percent,2019,0.0015492349827013275,0.002409274444175488,7.607976063293534e-4,risk,89,Other environmental risks
3,YLDs (Years Lived with Disability),527,California,3,Both,22,All Ages,294,All causes,3,Rate,2019,23.15855152920097,38.68873585393805,10.601053944281436,risk,89,Other environmental risks
3,YLDs (Years Lived with Disability),527,California,3,Both,22,All Ages,294,All causes,1,Number,2019,85240.30823615784,109688.43746620599,63522.68183696037,risk,341,Kidney dysfunction
3,YLDs (Years Lived with Disability),527,California,3,Both,22,All Ages,294,All causes,2,Percent,2019,0.014346969099518577,0.017083873126904285,0.011557706076736325,risk,341,Kidney dysfunction
3,YLDs (Years Lived with Disability),527,California,3,Both,22,All Ages,294,All causes,3,Rate,2019,213.78470550782814,275.1011908164311,159.3163857638597,risk,341,Kidney dysfunction
3,YLDs (Years Lived with Disability),527,California,3,Both,22,All Ages,294,All causes,1,Number,2019,29490.217435257327,45688.534563103676,18188.94014830929,risk,367,High LDL cholesterol
3,YLDs (Years Lived with Disability),527,California,3,Both,22,All Ages,294,All causes,2,Percent,2019,0.004955897811159133,0.007476040138656781,0.0033571184643729907,risk,367,High LDL cholesterol
3,YLDs (Years Lived with Disability),527,California,3,Both,22,All Ages,294,All causes,3,Rate,2019,73.96216156670329,114.58792335190186,45.61829131744451,risk,367,High LDL cholesterol
3,YLDs (Years Lived with Disability),527,California,3,Both,22,All Ages,294,All causes,1,Number,2019,59396.42479229241,106273.29819909763,25740.855561253124,risk,381,Childhood sexual abuse and bullying
3,YLDs (Years Lived with Disability),527,California,3,Both,22,All Ages,294,All causes,2,Percent,2019,0.00993406925194224,0.016714400325416108,0.004811278507875101,risk,381,Childhood sexual abuse and bullying
3,YLDs (Years Lived with Disability),527,California,3,Both,22,All Ages,294,All causes,3,Rate,2019,148.9676356783958,266.5359409059753,64.55867346743982,risk,381,Childhood sexual abuse and bullying
