Indicator,Geography,Year,Strata,Strata Name,Numerator,Denominator,Rate,Age Adjusted Rate
Suicide,CALIFORNIA,2000,Sex,Female,682,17080000,3.993,4.067
Suicide,CALIFORNIA,2000,Sex,Male,2431,16920000,14.37,15.89
Suicide,CALIFORNIA,2000,Sex,Total,3113,34000000,9.156,9.564
Suicide,CALIFORNIA,2001,Sex,Female,685,17340000,3.95,4.005
Suicide,CALIFORNIA,2001,Sex,Male,2571,17170000,14.97,16.41
Suicide,CALIFORNIA,2001,Sex,Total,3256,34510000,9.434,9.813
Suicide,CALIFORNIA,2002,Sex,Female,710,17550000,4.045,4.088
Suicide,CALIFORNIA,2002,Sex,Male,2500,17380000,14.38,15.81
Suicide,CALIFORNIA,2002,Sex,Total,3210,34940000,9.188,9.548
Suicide,CALIFORNIA,2003,Sex,Female,733,17780000,4.122,4.15
Suicide,CALIFORNIA,2003,Sex,Male,2663,17610000,15.13,16.32
Suicide,CALIFORNIA,2003,Sex,Total,3396,35390000,9.596,9.896
Suicide,CALIFORNIA,2004,Sex,Female,821,17970000,4.569,4.576
Suicide,CALIFORNIA,2004,Sex,Male,2543,17780000,14.3,15.34
Suicide,CALIFORNIA,2004,Sex,Total,3364,35750000,9.409,9.65
Suicide,CALIFORNIA,2005,Sex,Female,721,18090000,3.986,3.977
Suicide,CALIFORNIA,2005,Sex,Male,2399,17900000,13.4,14.36
Suicide,CALIFORNIA,2005,Sex,Total,3121,35990000,8.673,8.881
Suicide,CALIFORNIA,2006,Sex,Female,733,18220000,4.023,3.99
Suicide,CALIFORNIA,2006,Sex,Male,2506,18030000,13.9,14.67
Suicide,CALIFORNIA,2006,Sex,Total,3239,36250000,8.936,9.059
Suicide,CALIFORNIA,2007,Sex,Female,810,18370000,4.409,4.323
Suicide,CALIFORNIA,2007,Sex,Male,2675,18180000,14.71,15.31
Suicide,CALIFORNIA,2007,Sex,Total,3485,36550000,9.534,9.593
Suicide,CALIFORNIA,2008,Sex,Female,854,18530000,4.61,4.522
Suicide,CALIFORNIA,2008,Sex,Male,2836,18330000,15.47,16.1
Suicide,CALIFORNIA,2008,Sex,Total,3690,36860000,10.01,10.04
Suicide,CALIFORNIA,2009,Sex,Female,890,18630000,4.776,4.639
Suicide,CALIFORNIA,2009,Sex,Male,2847,18440000,15.44,15.64
Suicide,CALIFORNIA,2009,Sex,Total,3737,37080000,10.08,9.918
Suicide,CALIFORNIA,2010,Sex,Female,857,18770000,4.565,4.438
Suicide,CALIFORNIA,2010,Sex,Male,2948,18560000,15.88,16.1
Suicide,CALIFORNIA,2010,Sex,Total,3805,37330000,10.19,10.01
Suicide,CALIFORNIA,2011,Sex,Female,944,18940000,4.984,4.817
Suicide,CALIFORNIA,2011,Sex,Male,2995,18730000,15.99,16.17
Suicide,CALIFORNIA,2011,Sex,Total,3939,37670000,10.46,10.27
Suicide,CALIFORNIA,2012,Sex,Female,830,19130000,4.34,4.179
Suicide,CALIFORNIA,2012,Sex,Male,2995,18920000,15.83,15.96
Suicide,CALIFORNIA,2012,Sex,Total,3825,38040000,10.05,9.841
Suicide,CALIFORNIA,2013,Sex,Female,916,19290000,4.749,4.527
Suicide,CALIFORNIA,2013,Sex,Male,3000,19080000,15.72,15.83
Suicide,CALIFORNIA,2013,Sex,Total,3916,38370000,10.2,9.944
Suicide,CALIFORNIA,2014,Sex,Female,965,19470000,4.957,4.729
Suicide,CALIFORNIA,2014,Sex,Male,3168,19270000,16.44,16.48
Suicide,CALIFORNIA,2014,Sex,Total,4133,38740000,10.67,10.36
Suicide,CALIFORNIA,2015,Sex,Female,994,19630000,5.065,4.868
Suicide,CALIFORNIA,2015,Sex,Male,3122,19430000,16.07,15.97
Suicide,CALIFORNIA,2015,Sex,Total,4116,39060000,10.54,10.21
Suicide,CALIFORNIA,2016,Sex,Female,989,19770000,5.002,4.73
Suicide,CALIFORNIA,2016,Sex,Male,3223,19580000,16.46,16.28
Suicide,CALIFORNIA,2016,Sex,Total,4212,39350000,10.7,10.33
Suicide,CALIFORNIA,2017,Sex,Female,933,19930000,4.681,4.443
Suicide,CALIFORNIA,2017,Sex,Male,3297,19760000,16.68,16.37
Suicide,CALIFORNIA,2017,Sex,Total,4230,39690000,10.66,10.26
Suicide,Alameda,2000-2002,Race/Ethnicity,Asian-NH,47,970100,4.845,4.94
Suicide,Alameda,2000-2002,Race/Ethnicity,Black-NH,34,622600,5.461,5.596
Suicide,Alameda,2000-2002,Race/Ethnicity,Hisp,31,858900,3.609,4.775
Suicide,Alameda,2000-2002,Race/Ethnicity,White-NH,234,1757000,13.32,11.89
Suicide,Alameda,2003-2005,Race/Ethnicity,Asian-NH,46,1028000,4.473,4.353
Suicide,Alameda,2003-2005,Race/Ethnicity,Black-NH,36,596200,6.038,6.004
Suicide,Alameda,2003-2005,Race/Ethnicity,Hisp,44,903100,4.872,5.719
Suicide,Alameda,2003-2005,Race/Ethnicity,White-NH,213,1677000,12.7,10.98
Suicide,Alameda,2006-2008,Race/Ethnicity,Asian-NH,53,1093000,4.851,4.842
Suicide,Alameda,2006-2008,Race/Ethnicity,Black-NH,30,576200,5.206,5.035
Suicide,Alameda,2006-2008,Race/Ethnicity,Hisp,34,950000,3.579,5.17
Suicide,Alameda,2006-2008,Race/Ethnicity,Multi-NH,14,154100,9.082,13.71
Suicide,Alameda,2006-2008,Race/Ethnicity,White-NH,217,1613000,13.45,11.38
Suicide,Alameda,2009-2011,Race/Ethnicity,Asian-NH,59,1180000,5.001,4.994
Suicide,Alameda,2009-2011,Race/Ethnicity,Black-NH,40,561000,7.13,6.849
Suicide,Alameda,2009-2011,Race/Ethnicity,Hisp,57,1024000,5.564,6.107
Suicide,Alameda,2009-2011,Race/Ethnicity,White-NH,242,1564000,15.47,12.87
Suicide,Alameda,2012-2014,Race/Ethnicity,Asian-NH,84,1259000,6.671,6.343
Suicide,Alameda,2012-2014,Race/Ethnicity,Black-NH,35,564700,6.198,5.993
Suicide,Alameda,2012-2014,Race/Ethnicity,Hisp,43,1087000,3.957,4.007
Suicide,Alameda,2012-2014,Race/Ethnicity,White-NH,260,1579000,16.46,14.44
Suicide,Alameda,2015-2017,Race/Ethnicity,Asian-NH,82,1338000,6.13,5.953
Suicide,Alameda,2015-2017,Race/Ethnicity,Black-NH,41,567200,7.228,7.083
Suicide,Alameda,2015-2017,Race/Ethnicity,Hisp,60,1145000,5.242,5.794
Suicide,Alameda,2015-2017,Race/Ethnicity,White-NH,247,1589000,15.55,13.31
Suicide,Amador,2000-2002,Race/Ethnicity,White-NH,17,88520,19.2,20.07
Suicide,Amador,2006-2008,Race/Ethnicity,White-NH,26,91930,28.28,22.48
Suicide,Amador,2009-2011,Race/Ethnicity,White-NH,30,90840,33.02,25.79
Suicide,Amador,2012-2014,Race/Ethnicity,White-NH,33,88660,37.22,29.32
Suicide,Butte,2000-2002,Race/Ethnicity,White-NH,99,493000,20.08,18.72
Suicide,Butte,2003-2005,Race/Ethnicity,White-NH,104,500500,20.78,19.77
Suicide,Butte,2006-2008,Race/Ethnicity,White-NH,106,503500,21.05,20.07
Suicide,Butte,2009-2011,Race/Ethnicity,White-NH,128,498200,25.69,23.34
Suicide,Butte,2012-2014,Race/Ethnicity,White-NH,95,497100,19.11,17.58
Suicide,Butte,2015-2017,Race/Ethnicity,White-NH,112,500000,22.4,19.91
Suicide,Calaveras,2000-2002,Race/Ethnicity,White-NH,19,108100,17.57,15.61
Suicide,Calaveras,2003-2005,Race/Ethnicity,White-NH,30,113300,26.48,25.11
Suicide,Calaveras,2015-2017,Race/Ethnicity,White-NH,38,112100,33.9,29.72
Suicide,CALIFORNIA,2000-2002,Race/Ethnicity,AIAN-NH,41,531100,7.719,7.81
Suicide,CALIFORNIA,2000-2002,Race/Ethnicity,Asian-NH,658,11980000,5.493,5.585
Suicide,CALIFORNIA,2000-2002,Race/Ethnicity,Black-NH,430,6624000,6.491,6.656
Suicide,CALIFORNIA,2000-2002,Race/Ethnicity,Hisp,1380,34400000,4.012,4.684
Suicide,CALIFORNIA,2000-2002,Race/Ethnicity,Multi-NH,41,1964000,2.088,2.184
Suicide,CALIFORNIA,2000-2002,Race/Ethnicity,NHPI-NH,26,342600,7.59,7.165
Suicide,CALIFORNIA,2000-2002,Race/Ethnicity,White-NH,6990,47610000,14.68,13.3
Suicide,CALIFORNIA,2003-2005,Race/Ethnicity,AIAN-NH,46,518900,8.865,8.86
Suicide,CALIFORNIA,2003-2005,Race/Ethnicity,Asian-NH,719,12740000,5.642,5.564
Suicide,CALIFORNIA,2003-2005,Race/Ethnicity,Black-NH,388,6673000,5.814,5.864
Suicide,CALIFORNIA,2003-2005,Race/Ethnicity,Hisp,1563,37200000,4.202,4.814
Suicide,CALIFORNIA,2003-2005,Race/Ethnicity,Multi-NH,88,2247000,3.917,4.562
Suicide,CALIFORNIA,2003-2005,Race/Ethnicity,NHPI-NH,33,361100,9.139,10.12
Suicide,CALIFORNIA,2003-2005,Race/Ethnicity,White-NH,7027,47380000,14.83,13.3
Suicide,CALIFORNIA,2006-2008,Race/Ethnicity,AIAN-NH,47,510300,9.211,8.825
Suicide,CALIFORNIA,2006-2008,Race/Ethnicity,Asian-NH,807,13420000,6.013,5.814
Suicide,CALIFORNIA,2006-2008,Race/Ethnicity,Black-NH,432,6650000,6.496,6.369
Suicide,CALIFORNIA,2006-2008,Race/Ethnicity,Hisp,1604,39550000,4.055,4.562
Suicide,CALIFORNIA,2006-2008,Race/Ethnicity,Multi-NH,131,2477000,5.289,7.063
Suicide,CALIFORNIA,2006-2008,Race/Ethnicity,NHPI-NH,30,376800,7.961,8.064
Suicide,CALIFORNIA,2006-2008,Race/Ethnicity,White-NH,7349,46670000,15.75,13.77
Suicide,CALIFORNIA,2009-2011,Race/Ethnicity,AIAN-NH,59,502900,11.73,11.45
Suicide,CALIFORNIA,2009-2011,Race/Ethnicity,Asian-NH,935,14330000,6.523,6.094
Suicide,CALIFORNIA,2009-2011,Race/Ethnicity,Black-NH,435,6606000,6.584,6.414
Suicide,CALIFORNIA,2009-2011,Race/Ethnicity,Hisp,1857,42170000,4.404,4.745
Suicide,CALIFORNIA,2009-2011,Race/Ethnicity,Multi-NH,175,2752000,6.36,8.303
Suicide,CALIFORNIA,2009-2011,Race/Ethnicity,NHPI-NH,42,398900,10.53,9.709
Suicide,CALIFORNIA,2009-2011,Race/Ethnicity,White-NH,7937,45330000,17.51,15.02
Suicide,CALIFORNIA,2012-2014,Race/Ethnicity,AIAN-NH,60,512900,11.7,11.54
Suicide,CALIFORNIA,2012-2014,Race/Ethnicity,Asian-NH,920,15060000,6.108,5.722
Suicide,CALIFORNIA,2012-2014,Race/Ethnicity,Black-NH,428,6680000,6.407,6.193
Suicide,CALIFORNIA,2012-2014,Race/Ethnicity,Hisp,1991,44310000,4.494,4.713
Suicide,CALIFORNIA,2012-2014,Race/Ethnicity,Multi-NH,242,2993000,8.085,9.462
Suicide,CALIFORNIA,2012-2014,Race/Ethnicity,NHPI-NH,41,418200,9.804,9.832
Suicide,CALIFORNIA,2012-2014,Race/Ethnicity,White-NH,8154,45180000,18.05,15.43
Suicide,CALIFORNIA,2015-2017,Race/Ethnicity,AIAN-NH,74,523600,14.13,13.68
Suicide,CALIFORNIA,2015-2017,Race/Ethnicity,Asian-NH,1072,15730000,6.813,6.433
Suicide,CALIFORNIA,2015-2017,Race/Ethnicity,Black-NH,456,6755000,6.751,6.548
Suicide,CALIFORNIA,2015-2017,Race/Ethnicity,Hisp,2482,46350000,5.355,5.506
Suicide,CALIFORNIA,2015-2017,Race/Ethnicity,Multi-NH,261,3204000,8.146,9.573
Suicide,CALIFORNIA,2015-2017,Race/Ethnicity,NHPI-NH,40,435000,9.196,8.534
Suicide,CALIFORNIA,2015-2017,Race/Ethnicity,White-NH,8139,45010000,18.08,15.58
Suicide,Contra Costa,2000-2002,Race/Ethnicity,Black-NH,12,268200,4.474,4.691
Suicide,Contra Costa,2000-2002,Race/Ethnicity,Hisp,21,554400,3.788,4.221
Suicide,Contra Costa,2000-2002,Race/Ethnicity,White-NH,211,1635000,12.9,11.91
Suicide,Contra Costa,2003-2005,Race/Ethnicity,Asian-NH,18,373600,4.817,4.375
Suicide,Contra Costa,2003-2005,Race/Ethnicity,Black-NH,13,274000,4.745,4.817
Suicide,Contra Costa,2003-2005,Race/Ethnicity,Hisp,23,615100,3.739,3.66
Suicide,Contra Costa,2003-2005,Race/Ethnicity,White-NH,228,1618000,14.09,13.1
Suicide,Contra Costa,2006-2008,Race/Ethnicity,Asian-NH,20,403700,4.954,5.066
Suicide,Contra Costa,2006-2008,Race/Ethnicity,Hisp,31,676700,4.581,6.387
Suicide,Contra Costa,2006-2008,Race/Ethnicity,White-NH,226,1584000,14.27,12.65
Suicide,Contra Costa,2009-2011,Race/Ethnicity,Asian-NH,31,448500,6.912,6.362
Suicide,Contra Costa,2009-2011,Race/Ethnicity,Black-NH,17,284200,5.981,5.992
Suicide,Contra Costa,2009-2011,Race/Ethnicity,Hisp,52,763000,6.815,7.582
Suicide,Contra Costa,2009-2011,Race/Ethnicity,White-NH,234,1527000,15.32,13.21
Suicide,Contra Costa,2012-2014,Race/Ethnicity,Asian-NH,25,487600,5.127,5.091
Suicide,Contra Costa,2012-2014,Race/Ethnicity,Black-NH,19,290700,6.536,6.743
Suicide,Contra Costa,2012-2014,Race/Ethnicity,Hisp,41,825600,4.966,5.239
Suicide,Contra Costa,2012-2014,Race/Ethnicity,Multi-NH,11,123200,8.929,10.02
Suicide,Contra Costa,2012-2014,Race/Ethnicity,White-NH,221,1516000,14.58,12.77
Suicide,Contra Costa,2015-2017,Race/Ethnicity,Asian-NH,34,532100,6.39,6.527
Suicide,Contra Costa,2015-2017,Race/Ethnicity,Black-NH,18,297300,6.054,6.03
Suicide,Contra Costa,2015-2017,Race/Ethnicity,Hisp,59,887100,6.651,6.882
Suicide,Contra Costa,2015-2017,Race/Ethnicity,Multi-NH,15,132500,11.32,15.42
Suicide,Contra Costa,2015-2017,Race/Ethnicity,White-NH,227,1502000,15.11,14.09
Suicide,Del Norte,2000-2002,Race/Ethnicity,White-NH,19,57580,33,29.27
Suicide,Del Norte,2009-2011,Race/Ethnicity,White-NH,13,55380,23.48,21.75
Suicide,Del Norte,2012-2014,Race/Ethnicity,White-NH,18,52850,34.06,30.51
Suicide,El Dorado,2003-2005,Race/Ethnicity,White-NH,73,424000,17.22,15.71
Suicide,El Dorado,2006-2008,Race/Ethnicity,White-NH,60,434000,13.82,13.43
Suicide,El Dorado,2012-2014,Race/Ethnicity,White-NH,88,433600,20.3,17.63
Suicide,El Dorado,2015-2017,Race/Ethnicity,White-NH,90,436700,20.61,20.36
Suicide,Fresno,2000-2002,Race/Ethnicity,Asian-NH,20,208700,9.582,10.41
Suicide,Fresno,2000-2002,Race/Ethnicity,Hisp,54,1103000,4.897,6.097
Suicide,Fresno,2000-2002,Race/Ethnicity,White-NH,110,956600,11.5,10.63
Suicide,Fresno,2003-2005,Race/Ethnicity,Asian-NH,19,227400,8.355,9.438
Suicide,Fresno,2003-2005,Race/Ethnicity,Hisp,68,1202000,5.657,6.317
Suicide,Fresno,2003-2005,Race/Ethnicity,White-NH,132,959900,13.75,13.03
Suicide,Fresno,2006-2008,Race/Ethnicity,Asian-NH,24,245600,9.774,10.57
Suicide,Fresno,2006-2008,Race/Ethnicity,Hisp,62,1301000,4.764,5.289
Suicide,Fresno,2006-2008,Race/Ethnicity,White-NH,148,954700,15.5,13.66
Suicide,Fresno,2009-2011,Race/Ethnicity,Asian-NH,21,263400,7.972,8.482
Suicide,Fresno,2009-2011,Race/Ethnicity,Hisp,56,1406000,3.984,4.334
Suicide,Fresno,2009-2011,Race/Ethnicity,White-NH,129,923900,13.96,12.32
Suicide,Fresno,2012-2014,Race/Ethnicity,Asian-NH,23,274800,8.37,8.926
Suicide,Fresno,2012-2014,Race/Ethnicity,Hisp,77,1477000,5.213,5.565
Suicide,Fresno,2012-2014,Race/Ethnicity,White-NH,158,913700,17.29,16.05
Suicide,Fresno,2015-2017,Race/Ethnicity,Asian-NH,35,286700,12.21,12.97
Suicide,Fresno,2015-2017,Race/Ethnicity,Hisp,96,1557000,6.167,6.398
Suicide,Fresno,2015-2017,Race/Ethnicity,White-NH,158,911800,17.33,16.43
Suicide,Glenn,2000-2002,Race/Ethnicity,White-NH,17,49160,34.58,33.99
Suicide,Glenn,2015-2017,Race/Ethnicity,White-NH,19,46290,41.05,33.45
Suicide,Humboldt,2000-2002,Race/Ethnicity,White-NH,69,312600,22.07,20.48
Suicide,Humboldt,2003-2005,Race/Ethnicity,White-NH,74,316200,23.4,21.09
Suicide,Humboldt,2006-2008,Race/Ethnicity,White-NH,75,315400,23.78,21.18
Suicide,Humboldt,2009-2011,Race/Ethnicity,White-NH,83,313000,26.51,23.77
Suicide,Humboldt,2012-2014,Race/Ethnicity,White-NH,92,310000,29.67,26.66
Suicide,Humboldt,2015-2017,Race/Ethnicity,White-NH,77,309700,24.87,22.77
Suicide,Imperial,2000-2002,Race/Ethnicity,Hisp,13,323000,4.024,4.286
Suicide,Imperial,2000-2002,Race/Ethnicity,White-NH,11,82920,13.27,11.77
Suicide,Imperial,2003-2005,Race/Ethnicity,Hisp,16,352600,4.538,5.248
Suicide,Imperial,2003-2005,Race/Ethnicity,White-NH,11,80400,13.68,12.01
Suicide,Imperial,2006-2008,Race/Ethnicity,Hisp,13,389300,3.339,3.67
Suicide,Imperial,2006-2008,Race/Ethnicity,White-NH,17,79350,21.43,16.12
Suicide,Imperial,2009-2011,Race/Ethnicity,Hisp,18,420600,4.28,4.519
Suicide,Imperial,2009-2011,Race/Ethnicity,White-NH,18,74390,24.2,18.23
Suicide,Imperial,2012-2014,Race/Ethnicity,Hisp,21,438700,4.787,5.215
Suicide,Imperial,2015-2017,Race/Ethnicity,Hisp,25,465000,5.377,5.577
Suicide,Imperial,2015-2017,Race/Ethnicity,White-NH,19,73320,25.91,22.87
Suicide,Inyo,2000-2002,Race/Ethnicity,White-NH,13,40260,32.29,22.97
Suicide,Kern,2000-2002,Race/Ethnicity,Hisp,37,826200,4.478,4.963
Suicide,Kern,2000-2002,Race/Ethnicity,White-NH,157,976500,16.08,15.47
Suicide,Kern,2003-2005,Race/Ethnicity,Hisp,35,966400,3.622,4.863
Suicide,Kern,2003-2005,Race/Ethnicity,White-NH,176,989800,17.78,16.82
Suicide,Kern,2006-2008,Race/Ethnicity,Hisp,54,1113000,4.851,6.456
Suicide,Kern,2006-2008,Race/Ethnicity,White-NH,163,1010000,16.14,15.01
Suicide,Kern,2009-2011,Race/Ethnicity,Hisp,57,1241000,4.593,5.064
Suicide,Kern,2009-2011,Race/Ethnicity,White-NH,190,978100,19.43,17.76
Suicide,Kern,2012-2014,Race/Ethnicity,Black-NH,11,142100,7.74,6.761
Suicide,Kern,2012-2014,Race/Ethnicity,Hisp,74,1316000,5.624,6.049
Suicide,Kern,2012-2014,Race/Ethnicity,White-NH,219,972900,22.51,20.03
Suicide,Kern,2015-2017,Race/Ethnicity,Asian-NH,11,107700,10.22,9.607
Suicide,Kern,2015-2017,Race/Ethnicity,Black-NH,11,146000,7.534,8.237
Suicide,Kern,2015-2017,Race/Ethnicity,Hisp,101,1398000,7.222,7.688
Suicide,Kern,2015-2017,Race/Ethnicity,White-NH,224,977000,22.93,20.74
Suicide,Kings,2000-2002,Race/Ethnicity,White-NH,21,165200,12.71,12.33
Suicide,Kings,2003-2005,Race/Ethnicity,White-NH,26,170600,15.24,14.66
Suicide,Kings,2006-2008,Race/Ethnicity,White-NH,23,172900,13.3,12.29
Suicide,Kings,2009-2011,Race/Ethnicity,White-NH,23,163700,14.05,12.72
Suicide,Kings,2012-2014,Race/Ethnicity,White-NH,23,154300,14.91,14.63
Suicide,Kings,2015-2017,Race/Ethnicity,Hisp,16,245200,6.524,6.062
Suicide,Kings,2015-2017,Race/Ethnicity,White-NH,31,153100,20.25,17.79
Suicide,Lake,2000-2002,Race/Ethnicity,White-NH,43,143100,30.04,26.21
Suicide,Lake,2003-2005,Race/Ethnicity,White-NH,29,146800,19.76,17.41
Suicide,Lake,2006-2008,Race/Ethnicity,White-NH,35,147200,23.78,22.33
Suicide,Lake,2012-2014,Race/Ethnicity,White-NH,45,141900,31.71,26.9
Suicide,Lake,2015-2017,Race/Ethnicity,White-NH,50,142000,35.22,30.33
Suicide,Lassen,2000-2002,Race/Ethnicity,White-NH,21,70620,29.74,29.43
Suicide,Lassen,2009-2011,Race/Ethnicity,White-NH,11,70070,15.7,13.38
Suicide,Lassen,2012-2014,Race/Ethnicity,White-NH,24,64670,37.11,32.62
Suicide,Lassen,2015-2017,Race/Ethnicity,White-NH,16,64230,24.91,24.69
Suicide,Los Angeles,2000-2002,Race/Ethnicity,Asian-NH,218,3619000,6.023,6.046
Suicide,Los Angeles,2000-2002,Race/Ethnicity,Black-NH,177,2704000,6.545,6.77
Suicide,Los Angeles,2000-2002,Race/Ethnicity,Hisp,514,12950000,3.969,4.602
Suicide,Los Angeles,2000-2002,Race/Ethnicity,White-NH,1276,9065000,14.08,12.4
Suicide,Los Angeles,2003-2005,Race/Ethnicity,Asian-NH,223,3754000,5.941,5.699
Suicide,Los Angeles,2003-2005,Race/Ethnicity,Black-NH,144,2665000,5.404,5.448
Suicide,Los Angeles,2003-2005,Race/Ethnicity,Hisp,511,13520000,3.78,4.199
Suicide,Los Angeles,2003-2005,Race/Ethnicity,Multi-NH,16,464500,3.444,3.794
Suicide,Los Angeles,2003-2005,Race/Ethnicity,White-NH,1193,8880000,13.43,11.57
Suicide,Los Angeles,2006-2008,Race/Ethnicity,Asian-NH,240,3819000,6.284,5.811
Suicide,Los Angeles,2006-2008,Race/Ethnicity,Black-NH,153,2574000,5.944,5.806
Suicide,Los Angeles,2006-2008,Race/Ethnicity,Hisp,478,13790000,3.465,3.762
Suicide,Los Angeles,2006-2008,Race/Ethnicity,Multi-NH,11,495900,2.218,2.696
Suicide,Los Angeles,2006-2008,Race/Ethnicity,White-NH,1175,8541000,13.76,11.55
Suicide,Los Angeles,2009-2011,Race/Ethnicity,Asian-NH,294,3956000,7.431,6.563
Suicide,Los Angeles,2009-2011,Race/Ethnicity,Black-NH,144,2498000,5.764,5.568
Suicide,Los Angeles,2009-2011,Race/Ethnicity,Hisp,579,14180000,4.084,4.221
Suicide,Los Angeles,2009-2011,Race/Ethnicity,Multi-NH,28,542400,5.162,6.27
Suicide,Los Angeles,2009-2011,Race/Ethnicity,White-NH,1242,8239000,15.07,12.53
Suicide,Los Angeles,2012-2014,Race/Ethnicity,Asian-NH,280,4091000,6.845,6.153
Suicide,Los Angeles,2012-2014,Race/Ethnicity,Black-NH,148,2506000,5.905,5.818
Suicide,Los Angeles,2012-2014,Race/Ethnicity,Hisp,577,14700000,3.926,4.009
Suicide,Los Angeles,2012-2014,Race/Ethnicity,Multi-NH,35,585900,5.974,6.866
Suicide,Los Angeles,2012-2014,Race/Ethnicity,White-NH,1262,8159000,15.47,12.77
Suicide,Los Angeles,2015-2017,Race/Ethnicity,Asian-NH,308,4216000,7.305,6.733
Suicide,Los Angeles,2015-2017,Race/Ethnicity,Black-NH,160,2511000,6.372,6.312
Suicide,Los Angeles,2015-2017,Race/Ethnicity,Hisp,727,15210000,4.779,4.828
Suicide,Los Angeles,2015-2017,Race/Ethnicity,Multi-NH,49,622600,7.87,8.883
Suicide,Los Angeles,2015-2017,Race/Ethnicity,White-NH,1249,7994000,15.62,12.93
Suicide,Madera,2000-2002,Race/Ethnicity,White-NH,21,173800,12.08,11.32
Suicide,Madera,2003-2005,Race/Ethnicity,White-NH,27,177400,15.22,12.43
Suicide,Madera,2006-2008,Race/Ethnicity,White-NH,34,180800,18.8,17.97
Suicide,Madera,2009-2011,Race/Ethnicity,White-NH,44,173500,25.36,21.56
Suicide,Madera,2012-2014,Race/Ethnicity,White-NH,55,165300,33.26,30.02
Suicide,Madera,2015-2017,Race/Ethnicity,Hisp,15,267300,5.612,6.211
Suicide,Madera,2015-2017,Race/Ethnicity,White-NH,33,169500,19.47,17.97
Suicide,Marin,2000-2002,Race/Ethnicity,White-NH,94,579000,16.23,14.17
Suicide,Marin,2003-2005,Race/Ethnicity,White-NH,85,567200,14.99,12.94
Suicide,Marin,2006-2008,Race/Ethnicity,White-NH,101,561100,18,14.93
Suicide,Marin,2009-2011,Race/Ethnicity,White-NH,101,554000,18.23,14.69
Suicide,Marin,2012-2014,Race/Ethnicity,White-NH,98,553600,17.7,14.05
Suicide,Marin,2015-2017,Race/Ethnicity,Hisp,12,141600,8.476,10.32
Suicide,Marin,2015-2017,Race/Ethnicity,White-NH,104,540000,19.26,15.15
Suicide,Mariposa,2009-2011,Race/Ethnicity,White-NH,12,45470,26.39,20.97
Suicide,Mariposa,2012-2014,Race/Ethnicity,White-NH,12,44790,26.79,27.52
Suicide,Mariposa,2015-2017,Race/Ethnicity,White-NH,16,44280,36.13,35.58
Suicide,Mendocino,2000-2002,Race/Ethnicity,White-NH,37,194300,19.04,17.51
Suicide,Mendocino,2003-2005,Race/Ethnicity,White-NH,43,192500,22.34,21.16
Suicide,Mendocino,2009-2011,Race/Ethnicity,White-NH,54,180400,29.94,24.98
Suicide,Mendocino,2012-2014,Race/Ethnicity,White-NH,52,177700,29.27,28.5
Suicide,Mendocino,2015-2017,Race/Ethnicity,White-NH,52,175800,29.58,26.15
Suicide,Merced,2000-2002,Race/Ethnicity,White-NH,41,261000,15.71,14.41
Suicide,Merced,2003-2005,Race/Ethnicity,Hisp,18,349500,5.15,6.318
Suicide,Merced,2003-2005,Race/Ethnicity,White-NH,32,264100,12.12,11.68
Suicide,Merced,2006-2008,Race/Ethnicity,Hisp,12,388400,3.09,3.43
Suicide,Merced,2006-2008,Race/Ethnicity,White-NH,30,261800,11.46,10.6
Suicide,Merced,2009-2011,Race/Ethnicity,Asian-NH,11,55630,19.78,21.96
Suicide,Merced,2009-2011,Race/Ethnicity,Hisp,21,421900,4.978,5.649
Suicide,Merced,2009-2011,Race/Ethnicity,White-NH,51,248800,20.5,18.44
Suicide,Merced,2012-2014,Race/Ethnicity,Hisp,21,445900,4.709,4.629
Suicide,Merced,2012-2014,Race/Ethnicity,White-NH,43,245800,17.5,16.08
Suicide,Merced,2015-2017,Race/Ethnicity,Hisp,34,467000,7.281,8.056
Suicide,Merced,2015-2017,Race/Ethnicity,White-NH,40,244900,16.34,15.53
Suicide,Monterey,2000-2002,Race/Ethnicity,Hisp,13,586400,2.217,2.24
Suicide,Monterey,2000-2002,Race/Ethnicity,White-NH,55,482100,11.41,10.4
Suicide,Monterey,2003-2005,Race/Ethnicity,Hisp,21,621600,3.378,3.763
Suicide,Monterey,2003-2005,Race/Ethnicity,White-NH,77,461900,16.67,13.5
Suicide,Monterey,2006-2008,Race/Ethnicity,Hisp,34,645700,5.266,5.605
Suicide,Monterey,2006-2008,Race/Ethnicity,White-NH,74,434800,17.02,14.82
Suicide,Monterey,2009-2011,Race/Ethnicity,Hisp,20,691300,2.893,2.873
Suicide,Monterey,2009-2011,Race/Ethnicity,White-NH,81,412800,19.62,16.46
Suicide,Monterey,2012-2014,Race/Ethnicity,Hisp,23,732800,3.139,4.201
Suicide,Monterey,2012-2014,Race/Ethnicity,White-NH,82,403700,20.31,16.97
Suicide,Monterey,2015-2017,Race/Ethnicity,Hisp,30,774100,3.876,4.347
Suicide,Monterey,2015-2017,Race/Ethnicity,White-NH,78,395000,19.74,16.07
Suicide,Napa,2000-2002,Race/Ethnicity,White-NH,27,249200,10.84,8.082
Suicide,Napa,2003-2005,Race/Ethnicity,White-NH,34,248500,13.68,12.92
Suicide,Napa,2006-2008,Race/Ethnicity,White-NH,43,245700,17.5,16.37
Suicide,Napa,2009-2011,Race/Ethnicity,White-NH,43,233700,18.4,15.45
Suicide,Napa,2012-2014,Race/Ethnicity,White-NH,42,228100,18.41,16.25
Suicide,Napa,2015-2017,Race/Ethnicity,White-NH,34,225700,15.06,12.61
Suicide,Nevada,2000-2002,Race/Ethnicity,White-NH,50,250400,19.97,17.78
Suicide,Nevada,2009-2011,Race/Ethnicity,White-NH,56,256100,21.86,21.77
Suicide,Nevada,2012-2014,Race/Ethnicity,White-NH,61,252900,24.12,20.59
Suicide,Nevada,2015-2017,Race/Ethnicity,White-NH,57,252100,22.61,17.53
Suicide,Orange,2000-2002,Race/Ethnicity,Asian-NH,74,1284000,5.764,6.32
Suicide,Orange,2000-2002,Race/Ethnicity,Black-NH,12,132100,9.087,7.608
Suicide,Orange,2000-2002,Race/Ethnicity,Hisp,81,2680000,3.022,4.033
Suicide,Orange,2000-2002,Race/Ethnicity,White-NH,541,4367000,12.39,11.34
Suicide,Orange,2003-2005,Race/Ethnicity,Asian-NH,69,1369000,5.039,4.988
Suicide,Orange,2003-2005,Race/Ethnicity,Hisp,90,2826000,3.185,3.785
Suicide,Orange,2003-2005,Race/Ethnicity,White-NH,552,4310000,12.81,11.62
Suicide,Orange,2006-2008,Race/Ethnicity,Asian-NH,93,1440000,6.456,6.208
Suicide,Orange,2006-2008,Race/Ethnicity,Hisp,101,2920000,3.459,3.876
Suicide,Orange,2006-2008,Race/Ethnicity,White-NH,601,4181000,14.37,12.83
Suicide,Orange,2009-2011,Race/Ethnicity,Asian-NH,104,1587000,6.552,6.211
Suicide,Orange,2009-2011,Race/Ethnicity,Hisp,93,3061000,3.038,3.1
Suicide,Orange,2009-2011,Race/Ethnicity,White-NH,607,4031000,15.06,13.03
Suicide,Orange,2012-2014,Race/Ethnicity,Asian-NH,102,1724000,5.917,5.524
Suicide,Orange,2012-2014,Race/Ethnicity,Hisp,124,3210000,3.862,4.228
Suicide,Orange,2012-2014,Race/Ethnicity,Multi-NH,13,222600,5.841,7.711
Suicide,Orange,2012-2014,Race/Ethnicity,White-NH,699,3993000,17.51,14.99
Suicide,Orange,2015-2017,Race/Ethnicity,Asian-NH,113,1827000,6.184,5.751
Suicide,Orange,2015-2017,Race/Ethnicity,Black-NH,16,141000,11.35,10.01
Suicide,Orange,2015-2017,Race/Ethnicity,Hisp,137,3340000,4.102,4.04
Suicide,Orange,2015-2017,Race/Ethnicity,Multi-NH,16,239300,6.685,7.4
Suicide,Orange,2015-2017,Race/Ethnicity,White-NH,633,3942000,16.06,13.73
Suicide,Placer,2003-2005,Race/Ethnicity,White-NH,90,726700,12.39,11.91
Suicide,Placer,2006-2008,Race/Ethnicity,White-NH,105,775200,13.54,12.54
Suicide,Placer,2009-2011,Race/Ethnicity,Hisp,13,136800,9.506,10.91
Suicide,Placer,2009-2011,Race/Ethnicity,White-NH,139,801000,17.35,16.08
Suicide,Placer,2012-2014,Race/Ethnicity,Hisp,11,156000,7.053,7.467
Suicide,Placer,2012-2014,Race/Ethnicity,White-NH,117,822800,14.22,12.04
Suicide,Placer,2015-2017,Race/Ethnicity,White-NH,124,839700,14.77,13.5
Suicide,Plumas,2000-2002,Race/Ethnicity,White-NH,11,54740,20.09,22.34
Suicide,Plumas,2003-2005,Race/Ethnicity,White-NH,14,54680,25.6,23.13
Suicide,Plumas,2015-2017,Race/Ethnicity,White-NH,12,48810,24.59,21.23
Suicide,Riverside,2000-2002,Race/Ethnicity,Asian-NH,12,207800,5.774,5.697
Suicide,Riverside,2000-2002,Race/Ethnicity,Black-NH,14,297900,4.699,5.512
Suicide,Riverside,2000-2002,Race/Ethnicity,Hisp,100,1869000,5.35,6.307
Suicide,Riverside,2000-2002,Race/Ethnicity,White-NH,370,2383000,15.53,14.29
Suicide,Riverside,2003-2005,Race/Ethnicity,Asian-NH,15,274200,5.47,6.612
Suicide,Riverside,2003-2005,Race/Ethnicity,Black-NH,17,337800,5.033,5.415
Suicide,Riverside,2003-2005,Race/Ethnicity,Hisp,102,2282000,4.469,5.292
Suicide,Riverside,2003-2005,Race/Ethnicity,White-NH,380,2534000,15,13.61
Suicide,Riverside,2006-2008,Race/Ethnicity,Asian-NH,22,333700,6.593,6.741
Suicide,Riverside,2006-2008,Race/Ethnicity,Black-NH,18,374700,4.804,4.678
Suicide,Riverside,2006-2008,Race/Ethnicity,Hisp,118,2681000,4.401,5.159
Suicide,Riverside,2006-2008,Race/Ethnicity,White-NH,435,2669000,16.3,14.72
Suicide,Riverside,2009-2011,Race/Ethnicity,Asian-NH,24,378800,6.336,6.112
Suicide,Riverside,2009-2011,Race/Ethnicity,Black-NH,28,396400,7.064,6.73
Suicide,Riverside,2009-2011,Race/Ethnicity,Hisp,118,2985000,3.953,4.342
Suicide,Riverside,2009-2011,Race/Ethnicity,White-NH,449,2634000,17.04,14.67
Suicide,Riverside,2012-2014,Race/Ethnicity,Asian-NH,17,399800,4.253,4.273
Suicide,Riverside,2012-2014,Race/Ethnicity,Black-NH,23,411600,5.589,5.739
Suicide,Riverside,2012-2014,Race/Ethnicity,Hisp,139,3173000,4.38,4.504
Suicide,Riverside,2012-2014,Race/Ethnicity,Multi-NH,17,149800,11.35,15.95
Suicide,Riverside,2012-2014,Race/Ethnicity,White-NH,513,2647000,19.38,16.99
Suicide,Riverside,2015-2017,Race/Ethnicity,Asian-NH,34,418300,8.128,7.791
Suicide,Riverside,2015-2017,Race/Ethnicity,Black-NH,19,425700,4.463,4.418
Suicide,Riverside,2015-2017,Race/Ethnicity,Hisp,181,3342000,5.415,5.508
Suicide,Riverside,2015-2017,Race/Ethnicity,Multi-NH,13,162300,8.011,8.524
Suicide,Riverside,2015-2017,Race/Ethnicity,White-NH,544,2666000,20.4,17.1
Suicide,Sacramento,2000-2002,Race/Ethnicity,Asian-NH,21,454100,4.624,4.619
Suicide,Sacramento,2000-2002,Race/Ethnicity,Black-NH,27,372600,7.246,7.968
Suicide,Sacramento,2000-2002,Race/Ethnicity,Hisp,41,651200,6.296,7.277
Suicide,Sacramento,2000-2002,Race/Ethnicity,White-NH,314,2137000,14.7,13.7
Suicide,Sacramento,2003-2005,Race/Ethnicity,Asian-NH,41,507100,8.086,7.948
Suicide,Sacramento,2003-2005,Race/Ethnicity,Black-NH,32,395700,8.088,8.215
Suicide,Sacramento,2003-2005,Race/Ethnicity,Hisp,53,740000,7.162,8.656
Suicide,Sacramento,2003-2005,Race/Ethnicity,White-NH,350,2179000,16.06,14.97
Suicide,Sacramento,2006-2008,Race/Ethnicity,Asian-NH,50,550400,9.084,9.157
Suicide,Sacramento,2006-2008,Race/Ethnicity,Black-NH,31,410400,7.553,7.445
Suicide,Sacramento,2006-2008,Race/Ethnicity,Hisp,38,820800,4.63,5.308
Suicide,Sacramento,2006-2008,Race/Ethnicity,White-NH,399,2159000,18.48,16.69
Suicide,Sacramento,2009-2011,Race/Ethnicity,Asian-NH,33,598100,5.518,5.294
Suicide,Sacramento,2009-2011,Race/Ethnicity,Black-NH,27,423200,6.38,6.263
Suicide,Sacramento,2009-2011,Race/Ethnicity,Hisp,58,914500,6.343,7.273
Suicide,Sacramento,2009-2011,Race/Ethnicity,Multi-NH,15,177500,8.453,10.67
Suicide,Sacramento,2009-2011,Race/Ethnicity,White-NH,378,2088000,18.11,15.84
Suicide,Sacramento,2012-2014,Race/Ethnicity,Asian-NH,46,624500,7.366,7.191
Suicide,Sacramento,2012-2014,Race/Ethnicity,Black-NH,31,434400,7.136,7.341
Suicide,Sacramento,2012-2014,Race/Ethnicity,Hisp,52,969900,5.361,5.822
Suicide,Sacramento,2012-2014,Race/Ethnicity,Multi-NH,16,194500,8.227,11.28
Suicide,Sacramento,2012-2014,Race/Ethnicity,White-NH,442,2083000,21.22,18.56
Suicide,Sacramento,2015-2017,Race/Ethnicity,Asian-NH,61,661200,9.226,8.971
Suicide,Sacramento,2015-2017,Race/Ethnicity,Black-NH,24,446300,5.378,4.86
Suicide,Sacramento,2015-2017,Race/Ethnicity,Hisp,77,1026000,7.505,8.081
Suicide,Sacramento,2015-2017,Race/Ethnicity,Multi-NH,22,211700,10.39,15.07
Suicide,Sacramento,2015-2017,Race/Ethnicity,White-NH,398,2086000,19.08,17.09
Suicide,San Bernardino,2000-2002,Race/Ethnicity,Black-NH,27,466000,5.794,6.581
Suicide,San Bernardino,2000-2002,Race/Ethnicity,Hisp,98,2187000,4.48,5.017
Suicide,San Bernardino,2000-2002,Race/Ethnicity,White-NH,353,2226000,15.86,15.07
Suicide,San Bernardino,2003-2005,Race/Ethnicity,Asian-NH,22,311200,7.069,7.762
Suicide,San Bernardino,2003-2005,Race/Ethnicity,Black-NH,22,493300,4.46,5.131
Suicide,San Bernardino,2003-2005,Race/Ethnicity,Hisp,113,2490000,4.538,5.689
Suicide,San Bernardino,2003-2005,Race/Ethnicity,White-NH,378,2249000,16.81,16.06
Suicide,San Bernardino,2006-2008,Race/Ethnicity,Asian-NH,19,341000,5.572,5.687
Suicide,San Bernardino,2006-2008,Race/Ethnicity,Black-NH,38,515100,7.378,7.473
Suicide,San Bernardino,2006-2008,Race/Ethnicity,Hisp,131,2755000,4.755,5.563
Suicide,San Bernardino,2006-2008,Race/Ethnicity,White-NH,355,2223000,15.97,14.44
Suicide,San Bernardino,2009-2011,Race/Ethnicity,Asian-NH,13,369900,3.514,3.543
Suicide,San Bernardino,2009-2011,Race/Ethnicity,Black-NH,29,519600,5.581,5.418
Suicide,San Bernardino,2009-2011,Race/Ethnicity,Hisp,153,2996000,5.106,5.636
Suicide,San Bernardino,2009-2011,Race/Ethnicity,White-NH,425,2077000,20.46,18.41
Suicide,San Bernardino,2012-2014,Race/Ethnicity,Asian-NH,16,377000,4.244,4.094
Suicide,San Bernardino,2012-2014,Race/Ethnicity,Black-NH,34,523000,6.501,6.279
Suicide,San Bernardino,2012-2014,Race/Ethnicity,Hisp,164,3158000,5.193,5.648
Suicide,San Bernardino,2012-2014,Race/Ethnicity,White-NH,384,2042000,18.8,16.49
Suicide,San Bernardino,2015-2017,Race/Ethnicity,Asian-NH,33,382200,8.634,8.622
Suicide,San Bernardino,2015-2017,Race/Ethnicity,Black-NH,23,533000,4.315,4.429
Suicide,San Bernardino,2015-2017,Race/Ethnicity,Hisp,186,3289000,5.655,5.879
Suicide,San Bernardino,2015-2017,Race/Ethnicity,White-NH,405,2037000,19.88,18.35
Suicide,San Diego,2000-2002,Race/Ethnicity,Asian-NH,48,809000,5.934,5.541
Suicide,San Diego,2000-2002,Race/Ethnicity,Black-NH,40,464300,8.616,8.181
Suicide,San Diego,2000-2002,Race/Ethnicity,Hisp,106,2384000,4.446,5.358
Suicide,San Diego,2000-2002,Race/Ethnicity,White-NH,743,4673000,15.9,14.55
Suicide,San Diego,2003-2005,Race/Ethnicity,Asian-NH,47,858600,5.474,4.961
Suicide,San Diego,2003-2005,Race/Ethnicity,Black-NH,36,462800,7.779,7.421
Suicide,San Diego,2003-2005,Race/Ethnicity,Hisp,97,2581000,3.758,4.353
Suicide,San Diego,2003-2005,Race/Ethnicity,Multi-NH,11,223300,4.926,7.311
Suicide,San Diego,2003-2005,Race/Ethnicity,White-NH,730,4669000,15.64,14.06
Suicide,San Diego,2006-2008,Race/Ethnicity,Asian-NH,54,907700,5.949,5.56
Suicide,San Diego,2006-2008,Race/Ethnicity,Black-NH,24,457100,5.251,4.999
Suicide,San Diego,2006-2008,Race/Ethnicity,Hisp,117,2743000,4.266,4.664
Suicide,San Diego,2006-2008,Race/Ethnicity,Multi-NH,13,245800,5.289,8.611
Suicide,San Diego,2006-2008,Race/Ethnicity,White-NH,772,4611000,16.74,14.64
Suicide,San Diego,2009-2011,Race/Ethnicity,Asian-NH,66,978900,6.742,6.285
Suicide,San Diego,2009-2011,Race/Ethnicity,Black-NH,40,455800,8.776,8.452
Suicide,San Diego,2009-2011,Race/Ethnicity,Hisp,136,2967000,4.583,4.984
Suicide,San Diego,2009-2011,Race/Ethnicity,Multi-NH,13,275300,4.723,6.534
Suicide,San Diego,2009-2011,Race/Ethnicity,White-NH,833,4552000,18.3,15.61
Suicide,San Diego,2012-2014,Race/Ethnicity,Asian-NH,71,1027000,6.915,6.506
Suicide,San Diego,2012-2014,Race/Ethnicity,Black-NH,39,465300,8.381,7.963
Suicide,San Diego,2012-2014,Race/Ethnicity,Hisp,159,3153000,5.043,5.494
Suicide,San Diego,2012-2014,Race/Ethnicity,Multi-NH,32,300700,10.64,9.914
Suicide,San Diego,2012-2014,Race/Ethnicity,White-NH,918,4599000,19.96,17.23
Suicide,San Diego,2015-2017,Race/Ethnicity,Asian-NH,79,1069000,7.393,6.814
Suicide,San Diego,2015-2017,Race/Ethnicity,Black-NH,51,469600,10.86,9.895
Suicide,San Diego,2015-2017,Race/Ethnicity,Hisp,175,3303000,5.298,5.443
Suicide,San Diego,2015-2017,Race/Ethnicity,Multi-NH,30,315700,9.503,10.96
Suicide,San Diego,2015-2017,Race/Ethnicity,White-NH,898,4631000,19.39,17.1
Suicide,San Francisco,2000-2002,Race/Ethnicity,Asian-NH,54,740700,7.29,6.47
Suicide,San Francisco,2000-2002,Race/Ethnicity,Black-NH,18,173000,10.41,10.18
Suicide,San Francisco,2000-2002,Race/Ethnicity,Hisp,22,333800,6.591,6.179
Suicide,San Francisco,2000-2002,Race/Ethnicity,White-NH,181,1029000,17.59,15.39
Suicide,San Francisco,2003-2005,Race/Ethnicity,Asian-NH,55,754300,7.292,6.272
Suicide,San Francisco,2003-2005,Race/Ethnicity,Black-NH,13,162200,8.013,7.849
Suicide,San Francisco,2003-2005,Race/Ethnicity,Hisp,20,341100,5.864,5.707
Suicide,San Francisco,2003-2005,Race/Ethnicity,White-NH,181,1011000,17.9,15.55
Suicide,San Francisco,2006-2008,Race/Ethnicity,Asian-NH,58,773500,7.498,6.48
Suicide,San Francisco,2006-2008,Race/Ethnicity,Black-NH,19,152200,12.49,11.01
Suicide,San Francisco,2006-2008,Race/Ethnicity,Hisp,23,351700,6.539,6.354
Suicide,San Francisco,2006-2008,Race/Ethnicity,White-NH,189,1015000,18.62,15.47
Suicide,San Francisco,2009-2011,Race/Ethnicity,Asian-NH,68,806700,8.43,7.014
Suicide,San Francisco,2009-2011,Race/Ethnicity,Hisp,26,368500,7.055,7.234
Suicide,San Francisco,2009-2011,Race/Ethnicity,White-NH,166,1024000,16.22,14.42
Suicide,San Francisco,2012-2014,Race/Ethnicity,Asian-NH,42,842100,4.988,4.312
Suicide,San Francisco,2012-2014,Race/Ethnicity,Black-NH,11,141200,7.791,7.204
Suicide,San Francisco,2012-2014,Race/Ethnicity,Hisp,23,394100,5.837,5.871
Suicide,San Francisco,2012-2014,Race/Ethnicity,White-NH,121,1054000,11.48,10.31
Suicide,San Francisco,2015-2017,Race/Ethnicity,Asian-NH,59,864900,6.821,5.645
Suicide,San Francisco,2015-2017,Race/Ethnicity,Black-NH,15,139700,10.73,9.123
Suicide,San Francisco,2015-2017,Race/Ethnicity,Hisp,41,416900,9.835,9.348
Suicide,San Francisco,2015-2017,Race/Ethnicity,White-NH,181,1072000,16.89,15.04
Suicide,San Joaquin,2000-2002,Race/Ethnicity,Asian-NH,18,214700,8.385,8.617
Suicide,San Joaquin,2000-2002,Race/Ethnicity,Hisp,23,568300,4.047,5.031
Suicide,San Joaquin,2000-2002,Race/Ethnicity,White-NH,120,800600,14.99,14.36
Suicide,San Joaquin,2003-2005,Race/Ethnicity,Hisp,17,656600,2.589,3.311
Suicide,San Joaquin,2003-2005,Race/Ethnicity,White-NH,103,810500,12.71,11.87
Suicide,San Joaquin,2006-2008,Race/Ethnicity,Asian-NH,21,266600,7.876,8.184
Suicide,San Joaquin,2006-2008,Race/Ethnicity,Hisp,28,729600,3.838,4.373
Suicide,San Joaquin,2006-2008,Race/Ethnicity,White-NH,123,794700,15.48,14.33
Suicide,San Joaquin,2009-2011,Race/Ethnicity,Asian-NH,22,286100,7.689,7.764
Suicide,San Joaquin,2009-2011,Race/Ethnicity,Hisp,31,799200,3.879,4.199
Suicide,San Joaquin,2009-2011,Race/Ethnicity,White-NH,134,747900,17.92,16.38
Suicide,San Joaquin,2012-2014,Race/Ethnicity,Asian-NH,24,298600,8.036,8.246
Suicide,San Joaquin,2012-2014,Race/Ethnicity,Hisp,44,845800,5.202,5.923
Suicide,San Joaquin,2012-2014,Race/Ethnicity,White-NH,143,739000,19.35,17.12
Suicide,San Joaquin,2015-2017,Race/Ethnicity,Asian-NH,24,314900,7.622,7.661
Suicide,San Joaquin,2015-2017,Race/Ethnicity,Hisp,53,899000,5.895,5.952
Suicide,San Joaquin,2015-2017,Race/Ethnicity,White-NH,127,743800,17.08,15.79
Suicide,San Luis Obispo,2000-2002,Race/Ethnicity,White-NH,98,571400,17.15,16.18
Suicide,San Luis Obispo,2003-2005,Race/Ethnicity,White-NH,85,576400,14.75,13.09
Suicide,San Luis Obispo,2006-2008,Race/Ethnicity,White-NH,94,578800,16.24,14.27
Suicide,San Luis Obispo,2009-2011,Race/Ethnicity,Hisp,12,168000,7.141,7.625
Suicide,San Luis Obispo,2009-2011,Race/Ethnicity,White-NH,124,575200,21.56,18.08
Suicide,San Luis Obispo,2012-2014,Race/Ethnicity,Hisp,17,177800,9.564,10.43
Suicide,San Luis Obispo,2012-2014,Race/Ethnicity,White-NH,122,577200,21.14,17.45
Suicide,San Luis Obispo,2015-2017,Race/Ethnicity,Hisp,16,185000,8.649,9.4
Suicide,San Luis Obispo,2015-2017,Race/Ethnicity,White-NH,141,577200,24.43,18.99
Suicide,San Mateo,2000-2002,Race/Ethnicity,Asian-NH,15,478800,3.133,3.174
Suicide,San Mateo,2000-2002,Race/Ethnicity,White-NH,113,1011000,11.18,9.68
Suicide,San Mateo,2003-2005,Race/Ethnicity,Asian-NH,30,489400,6.13,6.527
Suicide,San Mateo,2003-2005,Race/Ethnicity,Hisp,26,497400,5.227,6.317
Suicide,San Mateo,2003-2005,Race/Ethnicity,White-NH,134,966900,13.86,11.93
Suicide,San Mateo,2006-2008,Race/Ethnicity,Asian-NH,23,504800,4.556,4.344
Suicide,San Mateo,2006-2008,Race/Ethnicity,Hisp,26,516500,5.034,5.091
Suicide,San Mateo,2006-2008,Race/Ethnicity,White-NH,121,940300,12.87,10.21
Suicide,San Mateo,2009-2011,Race/Ethnicity,Asian-NH,20,533400,3.749,3.586
Suicide,San Mateo,2009-2011,Race/Ethnicity,Hisp,25,549700,4.548,5.612
Suicide,San Mateo,2009-2011,Race/Ethnicity,White-NH,153,922700,16.58,14.03
Suicide,San Mateo,2012-2014,Race/Ethnicity,Asian-NH,24,566100,4.239,4.315
Suicide,San Mateo,2012-2014,Race/Ethnicity,Hisp,19,575900,3.299,3.276
Suicide,San Mateo,2012-2014,Race/Ethnicity,White-NH,119,933900,12.74,10.67
Suicide,San Mateo,2015-2017,Race/Ethnicity,Asian-NH,32,590100,5.423,5.577
Suicide,San Mateo,2015-2017,Race/Ethnicity,Hisp,28,599700,4.669,4.811
Suicide,San Mateo,2015-2017,Race/Ethnicity,White-NH,111,929300,11.94,11.13
Suicide,Santa Barbara,2000-2002,Race/Ethnicity,Hisp,13,429500,3.027,2.788
Suicide,Santa Barbara,2000-2002,Race/Ethnicity,White-NH,114,676500,16.85,14.65
Suicide,Santa Barbara,2003-2005,Race/Ethnicity,Hisp,14,466400,3.001,3.225
Suicide,Santa Barbara,2003-2005,Race/Ethnicity,White-NH,88,658300,13.37,11.23
Suicide,Santa Barbara,2006-2008,Race/Ethnicity,Hisp,19,502000,3.785,5.051
Suicide,Santa Barbara,2006-2008,Race/Ethnicity,White-NH,81,636700,12.72,10.63
Suicide,Santa Barbara,2009-2011,Race/Ethnicity,Hisp,37,544800,6.792,7.215
Suicide,Santa Barbara,2009-2011,Race/Ethnicity,White-NH,95,612500,15.51,13.68
Suicide,Santa Barbara,2012-2014,Race/Ethnicity,Hisp,20,579400,3.452,3.595
Suicide,Santa Barbara,2012-2014,Race/Ethnicity,White-NH,120,608500,19.72,15.99
Suicide,Santa Barbara,2015-2017,Race/Ethnicity,Hisp,32,612800,5.222,5.37
Suicide,Santa Barbara,2015-2017,Race/Ethnicity,White-NH,139,602200,23.08,18.96
Suicide,Santa Clara,2000-2002,Race/Ethnicity,Asian-NH,56,1365000,4.104,4.285
Suicide,Santa Clara,2000-2002,Race/Ethnicity,Hisp,48,1241000,3.869,4.027
Suicide,Santa Clara,2000-2002,Race/Ethnicity,White-NH,255,2194000,11.62,10.41
Suicide,Santa Clara,2003-2005,Race/Ethnicity,Asian-NH,55,1452000,3.789,3.648
Suicide,Santa Clara,2003-2005,Race/Ethnicity,Hisp,56,1287000,4.352,5.339
Suicide,Santa Clara,2003-2005,Race/Ethnicity,White-NH,261,2070000,12.61,11.19
Suicide,Santa Clara,2006-2008,Race/Ethnicity,Asian-NH,69,1567000,4.403,5.038
Suicide,Santa Clara,2006-2008,Race/Ethnicity,Black-NH,14,129100,10.85,9.68
Suicide,Santa Clara,2006-2008,Race/Ethnicity,Hisp,50,1354000,3.693,3.876
Suicide,Santa Clara,2006-2008,Race/Ethnicity,Multi-NH,12,134400,8.928,13.13
Suicide,Santa Clara,2006-2008,Race/Ethnicity,White-NH,255,1994000,12.79,11.07
Suicide,Santa Clara,2009-2011,Race/Ethnicity,Asian-NH,81,1710000,4.737,4.89
Suicide,Santa Clara,2009-2011,Race/Ethnicity,Hisp,60,1448000,4.143,4.687
Suicide,Santa Clara,2009-2011,Race/Ethnicity,White-NH,287,1909000,15.03,12.79
Suicide,Santa Clara,2012-2014,Race/Ethnicity,Asian-NH,87,1827000,4.763,4.703
Suicide,Santa Clara,2012-2014,Race/Ethnicity,Hisp,60,1524000,3.937,4.03
Suicide,Santa Clara,2012-2014,Race/Ethnicity,Multi-NH,11,165000,6.666,6.628
Suicide,Santa Clara,2012-2014,Race/Ethnicity,White-NH,275,1918000,14.34,12.1
Suicide,Santa Clara,2015-2017,Race/Ethnicity,Asian-NH,85,1922000,4.422,4.468
Suicide,Santa Clara,2015-2017,Race/Ethnicity,Hisp,71,1590000,4.467,4.609
Suicide,Santa Clara,2015-2017,Race/Ethnicity,Multi-NH,12,175800,6.827,7.869
Suicide,Santa Clara,2015-2017,Race/Ethnicity,White-NH,254,1916000,13.25,11.29
Suicide,Santa Cruz,2000-2002,Race/Ethnicity,White-NH,88,502000,17.53,16.01
Suicide,Santa Cruz,2003-2005,Race/Ethnicity,White-NH,87,485600,17.91,15.69
Suicide,Santa Cruz,2006-2008,Race/Ethnicity,White-NH,74,477500,15.5,13.58
Suicide,Santa Cruz,2009-2011,Race/Ethnicity,Hisp,11,253300,4.343,4.868
Suicide,Santa Cruz,2009-2011,Race/Ethnicity,White-NH,92,472600,19.47,17.81
Suicide,Santa Cruz,2012-2014,Race/Ethnicity,Hisp,16,270400,5.918,5.994
Suicide,Santa Cruz,2012-2014,Race/Ethnicity,White-NH,100,471500,21.21,18.81
Suicide,Santa Cruz,2015-2017,Race/Ethnicity,Hisp,15,285400,5.255,6.026
Suicide,Santa Cruz,2015-2017,Race/Ethnicity,White-NH,109,471200,23.13,19.03
Suicide,Shasta,2000-2002,Race/Ethnicity,White-NH,99,430700,22.98,22.23
Suicide,Shasta,2003-2005,Race/Ethnicity,White-NH,84,441800,19.01,17.93
Suicide,Shasta,2006-2008,Race/Ethnicity,White-NH,110,443100,24.83,23.45
Suicide,Shasta,2009-2011,Race/Ethnicity,White-NH,116,438600,26.45,23.71
Suicide,Shasta,2012-2014,Race/Ethnicity,White-NH,121,437300,27.67,24.4
Suicide,Shasta,2015-2017,Race/Ethnicity,White-NH,116,434700,26.68,23.07
Suicide,Siskiyou,2000-2002,Race/Ethnicity,White-NH,25,110600,22.61,22.36
Suicide,Siskiyou,2003-2005,Race/Ethnicity,White-NH,33,110200,29.94,26.38
Suicide,Siskiyou,2006-2008,Race/Ethnicity,White-NH,31,109300,28.37,25.34
Suicide,Siskiyou,2009-2011,Race/Ethnicity,White-NH,26,107000,24.3,22.68
Suicide,Siskiyou,2012-2014,Race/Ethnicity,White-NH,31,104900,29.55,26.08
Suicide,Siskiyou,2015-2017,Race/Ethnicity,White-NH,30,104100,28.82,23.6
Suicide,Solano,2000-2002,Race/Ethnicity,Black-NH,12,176800,6.786,6.533
Suicide,Solano,2000-2002,Race/Ethnicity,Hisp,11,228600,4.811,6.953
Suicide,Solano,2000-2002,Race/Ethnicity,White-NH,85,578600,14.69,13.79
Suicide,Solano,2003-2005,Race/Ethnicity,Hisp,24,249700,9.613,9.584
Suicide,Solano,2003-2005,Race/Ethnicity,White-NH,71,567000,12.52,11.5
Suicide,Solano,2006-2008,Race/Ethnicity,Black-NH,13,180200,7.215,7.227
Suicide,Solano,2006-2008,Race/Ethnicity,Hisp,16,268900,5.95,6.983
Suicide,Solano,2006-2008,Race/Ethnicity,White-NH,77,545200,14.12,12.58
Suicide,Solano,2009-2011,Race/Ethnicity,Asian-NH,13,176400,7.37,7.108
Suicide,Solano,2009-2011,Race/Ethnicity,Black-NH,12,178900,6.709,7.252
Suicide,Solano,2009-2011,Race/Ethnicity,Hisp,27,295000,9.153,10.15
Suicide,Solano,2009-2011,Race/Ethnicity,White-NH,100,512300,19.52,17.05
Suicide,Solano,2012-2014,Race/Ethnicity,Asian-NH,13,183400,7.087,7.289
Suicide,Solano,2012-2014,Race/Ethnicity,Black-NH,17,178500,9.523,8.613
Suicide,Solano,2012-2014,Race/Ethnicity,Hisp,17,312300,5.443,6.213
Suicide,Solano,2012-2014,Race/Ethnicity,White-NH,97,506800,19.14,15.7
Suicide,Solano,2015-2017,Race/Ethnicity,Asian-NH,14,192500,7.274,7.879
Suicide,Solano,2015-2017,Race/Ethnicity,Hisp,26,330300,7.871,8.686
Suicide,Solano,2015-2017,Race/Ethnicity,White-NH,94,513200,18.32,16.39
Suicide,Sonoma,2000-2002,Race/Ethnicity,White-NH,147,1023000,14.37,12.92
Suicide,Sonoma,2003-2005,Race/Ethnicity,Hisp,14,289100,4.842,5.906
Suicide,Sonoma,2003-2005,Race/Ethnicity,White-NH,158,1006000,15.7,13.9
Suicide,Sonoma,2006-2008,Race/Ethnicity,Hisp,14,318800,4.391,5.348
Suicide,Sonoma,2006-2008,Race/Ethnicity,White-NH,156,983300,15.86,13.54
Suicide,Sonoma,2009-2011,Race/Ethnicity,Hisp,14,360000,3.889,5.209
Suicide,Sonoma,2009-2011,Race/Ethnicity,White-NH,179,964400,18.56,15.65
Suicide,Sonoma,2012-2014,Race/Ethnicity,Hisp,16,384900,4.157,5.132
Suicide,Sonoma,2012-2014,Race/Ethnicity,White-NH,170,961900,17.67,14.2
Suicide,Sonoma,2015-2017,Race/Ethnicity,Hisp,24,408900,5.869,6.049
Suicide,Sonoma,2015-2017,Race/Ethnicity,White-NH,166,960800,17.28,14.73
Suicide,Stanislaus,2000-2002,Race/Ethnicity,Hisp,16,470700,3.399,3.332
Suicide,Stanislaus,2000-2002,Race/Ethnicity,White-NH,105,774000,13.57,13.46
Suicide,Stanislaus,2003-2005,Race/Ethnicity,Hisp,37,535300,6.913,7.585
Suicide,Stanislaus,2003-2005,Race/Ethnicity,White-NH,113,781400,14.46,13.86
Suicide,Stanislaus,2006-2008,Race/Ethnicity,Hisp,21,590700,3.555,3.67
Suicide,Stanislaus,2006-2008,Race/Ethnicity,White-NH,118,767800,15.37,14.12
Suicide,Stanislaus,2009-2011,Race/Ethnicity,Hisp,31,645600,4.802,4.84
Suicide,Stanislaus,2009-2011,Race/Ethnicity,White-NH,118,729500,16.18,14.88
Suicide,Stanislaus,2012-2014,Race/Ethnicity,Hisp,34,681300,4.99,5.372
Suicide,Stanislaus,2012-2014,Race/Ethnicity,White-NH,110,722500,15.23,13.48
Suicide,Stanislaus,2015-2017,Race/Ethnicity,Hisp,31,718500,4.315,4.458
Suicide,Stanislaus,2015-2017,Race/Ethnicity,White-NH,123,726800,16.92,15.61
Suicide,Sutter,2000-2002,Race/Ethnicity,White-NH,30,142200,21.1,18.97
Suicide,Sutter,2003-2005,Race/Ethnicity,White-NH,23,144700,15.9,14.68
Suicide,Sutter,2006-2008,Race/Ethnicity,White-NH,19,148000,12.83,11.14
Suicide,Sutter,2009-2011,Race/Ethnicity,White-NH,25,144500,17.3,14.93
Suicide,Sutter,2012-2014,Race/Ethnicity,White-NH,38,142600,26.64,23.04
Suicide,Sutter,2015-2017,Race/Ethnicity,White-NH,30,143000,20.98,18.54
Suicide,Tehama,2000-2002,Race/Ethnicity,White-NH,31,132000,23.49,20.37
Suicide,Tehama,2006-2008,Race/Ethnicity,White-NH,37,138200,26.77,26.14
Suicide,Tehama,2009-2011,Race/Ethnicity,White-NH,31,136900,22.64,20.3
Suicide,Tehama,2012-2014,Race/Ethnicity,White-NH,30,135000,22.23,16.96
Suicide,Tehama,2015-2017,Race/Ethnicity,White-NH,28,134800,20.78,22.08
Suicide,Trinity,2003-2005,Race/Ethnicity,White-NH,17,34780,48.89,52.25
Suicide,Trinity,2006-2008,Race/Ethnicity,White-NH,13,35040,37.1,30.55
Suicide,Trinity,2015-2017,Race/Ethnicity,White-NH,13,33580,38.71,42.17
Suicide,Tulare,2000-2002,Race/Ethnicity,Hisp,19,593400,3.202,3.678
Suicide,Tulare,2000-2002,Race/Ethnicity,White-NH,56,456700,12.26,11.27
Suicide,Tulare,2003-2005,Race/Ethnicity,Hisp,41,663600,6.179,6.047
Suicide,Tulare,2003-2005,Race/Ethnicity,White-NH,58,455700,12.73,12.06
Suicide,Tulare,2006-2008,Race/Ethnicity,Hisp,31,734600,4.22,4.418
Suicide,Tulare,2006-2008,Race/Ethnicity,White-NH,76,452200,16.8,15.05
Suicide,Tulare,2009-2011,Race/Ethnicity,Hisp,32,804100,3.98,4.996
Suicide,Tulare,2009-2011,Race/Ethnicity,White-NH,81,435800,18.59,18.09
Suicide,Tulare,2012-2014,Race/Ethnicity,Hisp,46,843600,5.453,5.662
Suicide,Tulare,2012-2014,Race/Ethnicity,White-NH,79,432500,18.26,17.11
Suicide,Tulare,2015-2017,Race/Ethnicity,Hisp,74,884900,8.363,9.098
Suicide,Tulare,2015-2017,Race/Ethnicity,White-NH,66,431300,15.3,14.86
Suicide,Tuolumne,2000-2002,Race/Ethnicity,White-NH,28,140600,19.92,18.58
Suicide,Tuolumne,2003-2005,Race/Ethnicity,White-NH,38,142200,26.71,25.75
Suicide,Tuolumne,2009-2011,Race/Ethnicity,White-NH,37,136300,27.15,25.47
Suicide,Tuolumne,2015-2017,Race/Ethnicity,White-NH,39,132500,29.43,21.08
Suicide,Ventura,2000-2002,Race/Ethnicity,Hisp,35,799400,4.378,5.437
Suicide,Ventura,2000-2002,Race/Ethnicity,White-NH,161,1281000,12.57,11.71
Suicide,Ventura,2003-2005,Race/Ethnicity,Hisp,37,865900,4.273,4.763
Suicide,Ventura,2003-2005,Race/Ethnicity,White-NH,171,1276000,13.4,12.19
Suicide,Ventura,2006-2008,Race/Ethnicity,Hisp,42,922000,4.555,5.084
Suicide,Ventura,2006-2008,Race/Ethnicity,White-NH,205,1246000,16.45,14.55
Suicide,Ventura,2009-2011,Race/Ethnicity,Hisp,37,995700,3.716,4.222
Suicide,Ventura,2009-2011,Race/Ethnicity,White-NH,230,1211000,18.99,16.31
Suicide,Ventura,2012-2014,Race/Ethnicity,Asian-NH,15,166600,9.006,8.635
Suicide,Ventura,2012-2014,Race/Ethnicity,Hisp,49,1048000,4.678,4.871
Suicide,Ventura,2012-2014,Race/Ethnicity,White-NH,220,1203000,18.28,15.74
Suicide,Ventura,2015-2017,Race/Ethnicity,Asian-NH,11,170700,6.442,5.387
Suicide,Ventura,2015-2017,Race/Ethnicity,Hisp,39,1091000,3.576,3.577
Suicide,Ventura,2015-2017,Race/Ethnicity,White-NH,230,1191000,19.31,16.45
Suicide,Yolo,2000-2002,Race/Ethnicity,White-NH,41,297900,13.76,13.51
Suicide,Yolo,2003-2005,Race/Ethnicity,White-NH,35,300100,11.66,11.41
Suicide,Yolo,2006-2008,Race/Ethnicity,White-NH,45,303900,14.81,14.04
Suicide,Yolo,2009-2011,Race/Ethnicity,White-NH,34,303900,11.19,10.04
Suicide,Yolo,2012-2014,Race/Ethnicity,White-NH,39,306000,12.74,11.72
Suicide,Yolo,2015-2017,Race/Ethnicity,Hisp,16,203500,7.862,8.807
Suicide,Yolo,2015-2017,Race/Ethnicity,White-NH,54,309100,17.47,15.91
Suicide,Yuba,2006-2008,Race/Ethnicity,White-NH,35,128900,27.15,25.06
Suicide,Yuba,2009-2011,Race/Ethnicity,White-NH,24,128200,18.72,17.63
Suicide,Yuba,2012-2014,Race/Ethnicity,White-NH,27,129900,20.78,19.95
Suicide,Yuba,2015-2017,Race/Ethnicity,White-NH,33,131500,25.1,23.1
Suicide,San Francisco,2000-2002,Sex,Female,67,1153000,5.809,4.898
Suicide,El Dorado,2000-2002,Sex,Female,13,242700,5.357,5.355
Suicide,Fresno,2000-2002,Sex,Female,36,1222000,2.946,3.158
Suicide,Kern,2000-2002,Sex,Female,32,991600,3.227,3.476
Suicide,Riverside,2000-2002,Sex,Female,111,2444000,4.542,4.754
Suicide,Santa Clara,2000-2002,Sex,Female,94,2508000,3.749,3.706
Suicide,Sacramento,2000-2002,Sex,Female,95,1936000,4.906,4.933
Suicide,Santa Barbara,2000-2002,Sex,Female,34,604200,5.627,5.741
Suicide,Yolo,2000-2002,Sex,Female,11,268200,4.101,4.908
Suicide,Monterey,2000-2002,Sex,Female,20,588400,3.399,3.646
Suicide,San Mateo,2000-2002,Sex,Female,34,1078000,3.153,2.934
Suicide,San Diego,2000-2002,Sex,Female,236,4284000,5.509,5.522
Suicide,Alameda,2000-2002,Sex,Female,81,2233000,3.628,3.596
Suicide,Solano,2000-2002,Sex,Female,23,600500,3.83,3.901
Suicide,Humboldt,2000-2002,Sex,Female,11,192800,5.706,5.582
Suicide,Santa Cruz,2000-2002,Sex,Female,23,384800,5.978,5.973
Suicide,San Joaquin,2000-2002,Sex,Female,30,882000,3.401,3.596
Suicide,San Bernardino,2000-2002,Sex,Female,103,2651000,3.885,4.18
Suicide,Placer,2000-2002,Sex,Female,20,404800,4.941,4.843
Suicide,Ventura,2000-2002,Sex,Female,46,1157000,3.975,4.006
Suicide,Marin,2000-2002,Sex,Female,23,375900,6.119,5.237
Suicide,CALIFORNIA,2000-2002,Sex,Female,2077,51970000,3.996,4.053
Suicide,Sonoma,2000-2002,Sex,Female,38,707700,5.37,4.815
Suicide,Los Angeles,2000-2002,Sex,Female,466,14640000,3.184,3.303
Suicide,Shasta,2000-2002,Sex,Female,22,256100,8.59,8.717
Suicide,Butte,2000-2002,Sex,Female,23,314200,7.32,7.692
Suicide,Orange,2000-2002,Sex,Female,178,4363000,4.08,4.168
Suicide,Contra Costa,2000-2002,Sex,Female,52,1488000,3.495,3.331
Suicide,Stanislaus,2000-2002,Sex,Female,23,703800,3.268,3.418
Suicide,San Luis Obispo,2000-2002,Sex,Female,18,366500,4.911,4.64
Suicide,Nevada,2000-2002,Sex,Female,14,141700,9.883,10.47
Suicide,Shasta,2000-2002,Sex,Male,80,244600,32.7,33.38
Suicide,Santa Barbara,2000-2002,Sex,Male,105,605200,17.35,18.8
Suicide,Orange,2000-2002,Sex,Male,534,4295000,12.43,13.66
Suicide,El Dorado,2000-2002,Sex,Male,53,242300,21.88,22.95
Suicide,Sacramento,2000-2002,Sex,Male,317,1853000,17.1,18.44
Suicide,San Francisco,2000-2002,Sex,Male,213,1191000,17.88,16.89
Suicide,Sonoma,2000-2002,Sex,Male,115,684200,16.81,17.3
Suicide,Alameda,2000-2002,Sex,Male,270,2150000,12.56,13.92
Suicide,San Diego,2000-2002,Sex,Male,719,4325000,16.62,18.03
Suicide,Placer,2000-2002,Sex,Male,76,388700,19.55,20.27
Suicide,Kern,2000-2002,Sex,Male,175,1049000,16.68,19.99
Suicide,Monterey,2000-2002,Sex,Male,62,629300,9.852,10.54
Suicide,Riverside,2000-2002,Sex,Male,394,2424000,16.25,17.91
Suicide,San Joaquin,2000-2002,Sex,Male,143,877900,16.29,18.37
Suicide,Ventura,2000-2002,Sex,Male,161,1149000,14.02,15.63
Suicide,Humboldt,2000-2002,Sex,Male,68,190000,35.79,36.67
Suicide,Santa Clara,2000-2002,Sex,Male,274,2566000,10.68,11.73
Suicide,Santa Cruz,2000-2002,Sex,Male,72,382900,18.81,20.65
Suicide,Nevada,2000-2002,Sex,Male,39,138300,28.2,28.43
Suicide,Butte,2000-2002,Sex,Male,79,303100,26.06,25.89
Suicide,Stanislaus,2000-2002,Sex,Male,102,682700,14.94,16.11
Suicide,Inyo,2000-2002,Sex,Male,13,26970,48.21,38.98
Suicide,San Luis Obispo,2000-2002,Sex,Male,87,386400,22.52,22.92
Suicide,CALIFORNIA,2000-2002,Sex,Male,7502,51480000,14.57,16.04
Suicide,San Bernardino,2000-2002,Sex,Male,394,2633000,14.97,18.22
Suicide,Solano,2000-2002,Sex,Male,94,605200,15.53,18.19
Suicide,San Mateo,2000-2002,Sex,Male,111,1042000,10.65,11.24
Suicide,Contra Costa,2000-2002,Sex,Male,203,1415000,14.35,15.47
Suicide,Marin,2000-2002,Sex,Male,77,366600,21,19.75
Suicide,Los Angeles,2000-2002,Sex,Male,1734,14270000,12.16,13.66
Suicide,Yolo,2000-2002,Sex,Male,40,255900,15.63,17.18
Suicide,Fresno,2000-2002,Sex,Male,155,1224000,12.67,14.64
Suicide,Lassen,2000-2002,Sex,Total,21,101100,20.77,22.85
Suicide,Solano,2000-2002,Sex,Total,117,1206000,9.703,10.41
Suicide,Siskiyou,2000-2002,Sex,Total,27,133100,20.29,20.31
Suicide,El Dorado,2000-2002,Sex,Total,66,484900,13.61,13.92
Suicide,Napa,2000-2002,Sex,Total,33,378700,8.714,7.858
Suicide,San Luis Obispo,2000-2002,Sex,Total,105,752900,13.95,13.68
Suicide,Calaveras,2000-2002,Sex,Total,19,124200,15.3,13.72
Suicide,Madera,2000-2002,Sex,Total,35,379200,9.23,9.872
Suicide,Marin,2000-2002,Sex,Total,100,742500,13.47,12.1
Suicide,Contra Costa,2000-2002,Sex,Total,255,2903000,8.784,8.875
Suicide,Lake,2000-2002,Sex,Total,43,179500,23.95,21.43
Suicide,Shasta,2000-2002,Sex,Total,102,500800,20.37,20.13
Suicide,Santa Cruz,2000-2002,Sex,Total,95,767600,12.38,12.52
Suicide,Monterey,2000-2002,Sex,Total,82,1218000,6.734,7.151
Suicide,Sonoma,2000-2002,Sex,Total,153,1392000,10.99,10.57
Suicide,Tuolumne,2000-2002,Sex,Total,28,165800,16.88,15.52
Suicide,Tehama,2000-2002,Sex,Total,33,169600,19.46,18.06
Suicide,Santa Barbara,2000-2002,Sex,Total,139,1209000,11.49,11.88
Suicide,Fresno,2000-2002,Sex,Total,191,2446000,7.809,8.538
Suicide,Yuba,2000-2002,Sex,Total,25,184500,13.55,15
Suicide,Santa Clara,2000-2002,Sex,Total,368,5074000,7.253,7.412
Suicide,Yolo,2000-2002,Sex,Total,51,524200,9.729,10.87
Suicide,Plumas,2000-2002,Sex,Total,11,62050,17.73,19.48
Suicide,Inyo,2000-2002,Sex,Total,13,54740,23.75,18.91
Suicide,Amador,2000-2002,Sex,Total,17,107500,15.81,15.54
Suicide,San Bernardino,2000-2002,Sex,Total,497,5284000,9.406,10.64
Suicide,Sutter,2000-2002,Sex,Total,35,241400,14.5,15.04
Suicide,Merced,2000-2002,Sex,Total,55,651200,8.446,9.867
Suicide,San Francisco,2000-2002,Sex,Total,280,2344000,11.94,10.91
Suicide,Los Angeles,2000-2002,Sex,Total,2200,28900000,7.612,8.094
Suicide,Orange,2000-2002,Sex,Total,712,8658000,8.223,8.612
Suicide,Humboldt,2000-2002,Sex,Total,79,382800,20.64,20.06
Suicide,Glenn,2000-2002,Sex,Total,19,79960,23.76,24.81
Suicide,Stanislaus,2000-2002,Sex,Total,125,1386000,9.016,9.49
Suicide,Riverside,2000-2002,Sex,Total,505,4868000,10.37,11.01
Suicide,Kern,2000-2002,Sex,Total,207,2041000,10.14,11.36
Suicide,Ventura,2000-2002,Sex,Total,207,2306000,8.977,9.397
Suicide,Tulare,2000-2002,Sex,Total,80,1124000,7.117,8.09
Suicide,San Mateo,2000-2002,Sex,Total,145,2121000,6.837,6.694
Suicide,Mendocino,2000-2002,Sex,Total,43,261200,16.47,15.83
Suicide,Nevada,2000-2002,Sex,Total,53,280000,18.93,17.95
Suicide,Placer,2000-2002,Sex,Total,96,793500,12.1,12.12
Suicide,Alameda,2000-2002,Sex,Total,351,4383000,8.009,8.269
Suicide,CALIFORNIA,2000-2002,Sex,Total,9579,103500000,9.259,9.644
Suicide,Butte,2000-2002,Sex,Total,102,617300,16.52,16.26
Suicide,San Joaquin,2000-2002,Sex,Total,173,1760000,9.83,10.5
Suicide,Kings,2000-2002,Sex,Total,32,396900,8.063,8.313
Suicide,Sacramento,2000-2002,Sex,Total,412,3790000,10.87,11.16
Suicide,Del Norte,2000-2002,Sex,Total,19,82470,23.04,22.44
Suicide,Imperial,2000-2002,Sex,Total,26,435100,5.976,6.409
Suicide,San Diego,2000-2002,Sex,Total,955,8609000,11.09,11.42
Suicide,Ventura,2003-2005,Sex,Female,58,1196000,4.851,4.833
Suicide,Solano,2003-2005,Sex,Female,18,613900,2.932,2.909
Suicide,Marin,2003-2005,Sex,Female,31,375200,8.262,7.632
Suicide,Los Angeles,2003-2005,Sex,Female,473,14910000,3.173,3.216
Suicide,Orange,2003-2005,Sex,Female,190,4465000,4.256,4.266
Suicide,Contra Costa,2003-2005,Sex,Female,73,1532000,4.764,4.622
Suicide,Nevada,2003-2005,Sex,Female,12,147100,8.156,6.808
Suicide,San Francisco,2003-2005,Sex,Female,65,1153000,5.64,5.052
Suicide,San Diego,2003-2005,Sex,Female,225,4419000,5.092,5.067
Suicide,San Mateo,2003-2005,Sex,Female,47,1069000,4.395,3.963
Suicide,Sonoma,2003-2005,Sex,Female,44,715600,6.149,5.585
Suicide,Mendocino,2003-2005,Sex,Female,14,132400,10.57,10.36
Suicide,Sacramento,2003-2005,Sex,Female,125,2054000,6.085,6.063
Suicide,San Luis Obispo,2003-2005,Sex,Female,15,377100,3.978,3.98
Suicide,Santa Cruz,2003-2005,Sex,Female,29,383100,7.569,7.031
Suicide,San Joaquin,2003-2005,Sex,Female,27,958900,2.816,2.98
Suicide,Santa Clara,2003-2005,Sex,Female,93,2521000,3.688,3.668
Suicide,Placer,2003-2005,Sex,Female,26,462700,5.619,5.28
Suicide,Butte,2003-2005,Sex,Female,26,323200,8.046,8.471
Suicide,Humboldt,2003-2005,Sex,Female,19,197500,9.622,8.889
Suicide,Monterey,2003-2005,Sex,Female,34,597000,5.695,5.856
Suicide,Napa,2003-2005,Sex,Female,14,195600,7.157,7.064
Suicide,CALIFORNIA,2003-2005,Sex,Female,2275,53840000,4.226,4.235
Suicide,Santa Barbara,2003-2005,Sex,Female,37,614800,6.019,6.102
Suicide,Riverside,2003-2005,Sex,Female,105,2795000,3.756,3.892
Suicide,Siskiyou,2003-2005,Sex,Female,11,67920,16.2,14.23
Suicide,San Bernardino,2003-2005,Sex,Female,107,2859000,3.742,3.975
Suicide,Kern,2003-2005,Sex,Female,51,1076000,4.738,5.074
Suicide,Tulare,2003-2005,Sex,Female,15,599300,2.503,2.679
Suicide,Fresno,2003-2005,Sex,Female,35,1289000,2.715,2.949
Suicide,Stanislaus,2003-2005,Sex,Female,41,745600,5.499,5.802
Suicide,Alameda,2003-2005,Sex,Female,94,2238000,4.2,4.069
Suicide,Shasta,2003-2005,Sex,Female,21,265100,7.922,7.446
Suicide,Nevada,2003-2005,Sex,Male,30,143700,20.87,20.59
Suicide,Monterey,2003-2005,Sex,Male,79,634100,12.46,13.91
Suicide,Ventura,2003-2005,Sex,Male,165,1186000,13.92,15.06
Suicide,Santa Barbara,2003-2005,Sex,Male,71,617600,11.5,12.04
Suicide,Santa Cruz,2003-2005,Sex,Male,71,381600,18.61,19.62
Suicide,Riverside,2003-2005,Sex,Male,416,2769000,15.03,16.69
Suicide,San Luis Obispo,2003-2005,Sex,Male,77,396900,19.4,18.97
Suicide,Los Angeles,2003-2005,Sex,Male,1625,14520000,11.19,12.32
Suicide,CALIFORNIA,2003-2005,Sex,Male,7605,53290000,14.27,15.33
Suicide,Kern,2003-2005,Sex,Male,170,1143000,14.87,17.26
Suicide,San Bernardino,2003-2005,Sex,Male,437,2834000,15.42,18.08
Suicide,San Francisco,2003-2005,Sex,Male,213,1190000,17.9,16.21
Suicide,Contra Costa,2003-2005,Sex,Male,216,1460000,14.8,15.44
Suicide,San Diego,2003-2005,Sex,Male,706,4459000,15.83,16.85
Suicide,San Joaquin,2003-2005,Sex,Male,110,952400,11.55,12.78
Suicide,Shasta,2003-2005,Sex,Male,71,254600,27.88,28.1
Suicide,Alameda,2003-2005,Sex,Male,255,2155000,11.84,12.7
Suicide,Humboldt,2003-2005,Sex,Male,61,195700,31.18,31.5
Suicide,Sacramento,2003-2005,Sex,Male,365,1968000,18.55,19.41
Suicide,Butte,2003-2005,Sex,Male,83,313400,26.49,26.53
Suicide,Placer,2003-2005,Sex,Male,78,443400,17.59,17.74
Suicide,Orange,2003-2005,Sex,Male,538,4389000,12.26,13.36
Suicide,Stanislaus,2003-2005,Sex,Male,119,725700,16.4,17.9
Suicide,Solano,2003-2005,Sex,Male,97,616900,15.72,16.21
Suicide,Napa,2003-2005,Sex,Male,25,194800,12.84,12.45
Suicide,Fresno,2003-2005,Sex,Male,193,1289000,14.98,16.48
Suicide,Mendocino,2003-2005,Sex,Male,36,131900,27.3,27.53
Suicide,Sonoma,2003-2005,Sex,Male,140,692100,20.23,20.16
Suicide,Marin,2003-2005,Sex,Male,67,365400,18.33,16.43
Suicide,Siskiyou,2003-2005,Sex,Male,22,66400,33.13,30.19
Suicide,Santa Clara,2003-2005,Sex,Male,297,2569000,11.56,12.01
Suicide,Tulare,2003-2005,Sex,Male,89,599400,14.85,16.22
Suicide,San Mateo,2003-2005,Sex,Male,157,1034000,15.18,15.42
Suicide,Lassen,2003-2005,Sex,Total,17,103200,16.48,17.12
Suicide,San Benito,2003-2005,Sex,Total,15,165900,9.041,9.003
Suicide,Merced,2003-2005,Sex,Total,53,705300,7.514,8.485
Suicide,Los Angeles,2003-2005,Sex,Total,2098,29420000,7.13,7.453
Suicide,San Mateo,2003-2005,Sex,Total,204,2104000,9.697,9.326
Suicide,San Bernardino,2003-2005,Sex,Total,544,5693000,9.556,10.59
Suicide,Santa Clara,2003-2005,Sex,Total,390,5091000,7.661,7.746
Suicide,Nevada,2003-2005,Sex,Total,42,290900,14.44,13.54
Suicide,San Diego,2003-2005,Sex,Total,931,8877000,10.49,10.69
Suicide,Glenn,2003-2005,Sex,Total,11,81950,13.42,13.48
Suicide,Napa,2003-2005,Sex,Total,39,390400,9.991,9.697
Suicide,Tehama,2003-2005,Sex,Total,20,178400,11.21,11.25
Suicide,Santa Cruz,2003-2005,Sex,Total,101,764700,13.21,13.03
Suicide,Contra Costa,2003-2005,Sex,Total,289,2992000,9.659,9.654
Suicide,Stanislaus,2003-2005,Sex,Total,160,1471000,10.87,11.52
Suicide,Shasta,2003-2005,Sex,Total,92,519700,17.7,17.32
Suicide,Trinity,2003-2005,Sex,Total,19,40680,46.7,48.8
Suicide,Santa Barbara,2003-2005,Sex,Total,108,1232000,8.764,8.762
Suicide,Amador,2003-2005,Sex,Total,23,111600,20.6,19.1
Suicide,Plumas,2003-2005,Sex,Total,16,62500,25.6,24.24
Suicide,Riverside,2003-2005,Sex,Total,521,5564000,9.364,9.932
Suicide,Mendocino,2003-2005,Sex,Total,50,264300,18.92,18.77
Suicide,Ventura,2003-2005,Sex,Total,223,2381000,9.365,9.649
Suicide,San Francisco,2003-2005,Sex,Total,278,2342000,11.87,10.7
Suicide,Imperial,2003-2005,Sex,Total,30,462500,6.486,7.223
Suicide,Fresno,2003-2005,Sex,Total,228,2578000,8.844,9.524
Suicide,Sutter,2003-2005,Sex,Total,27,258300,10.45,10.78
Suicide,Del Norte,2003-2005,Sex,Total,14,84360,16.59,15.52
Suicide,Orange,2003-2005,Sex,Total,728,8853000,8.223,8.452
Suicide,Kings,2003-2005,Sex,Total,37,426000,8.685,9.342
Suicide,Sacramento,2003-2005,Sex,Total,490,4022000,12.18,12.36
Suicide,Kern,2003-2005,Sex,Total,221,2220000,9.956,10.98
Suicide,Butte,2003-2005,Sex,Total,109,636500,17.12,16.86
Suicide,Humboldt,2003-2005,Sex,Total,80,393100,20.35,19.39
Suicide,El Dorado,2003-2005,Sex,Total,76,511200,14.87,13.92
Suicide,Solano,2003-2005,Sex,Total,115,1231000,9.343,9.439
Suicide,Inyo,2003-2005,Sex,Total,13,55540,23.41,20.14
Suicide,Calaveras,2003-2005,Sex,Total,30,131900,22.75,21.84
Suicide,Sonoma,2003-2005,Sex,Total,184,1408000,13.07,12.44
Suicide,Mariposa,2003-2005,Sex,Total,12,53690,22.35,23.12
Suicide,San Luis Obispo,2003-2005,Sex,Total,92,774000,11.89,11.29
Suicide,Monterey,2003-2005,Sex,Total,113,1231000,9.179,9.712
Suicide,Marin,2003-2005,Sex,Total,98,740700,13.23,11.53
Suicide,CALIFORNIA,2003-2005,Sex,Total,9881,107100000,9.224,9.474
Suicide,Yuba,2003-2005,Sex,Total,35,196900,17.77,19.65
Suicide,Alameda,2003-2005,Sex,Total,349,4393000,7.945,7.964
Suicide,Tulare,2003-2005,Sex,Total,104,1199000,8.676,9.348
Suicide,Siskiyou,2003-2005,Sex,Total,33,134300,24.57,22.03
Suicide,Madera,2003-2005,Sex,Total,39,409200,9.531,10.64
Suicide,Yolo,2003-2005,Sex,Total,41,555400,7.382,8.004
Suicide,Tuolumne,2003-2005,Sex,Total,40,169300,23.63,22.06
Suicide,San Joaquin,2003-2005,Sex,Total,137,1911000,7.168,7.652
Suicide,Placer,2003-2005,Sex,Total,104,906100,11.48,11.29
Suicide,Lake,2003-2005,Sex,Total,33,187700,17.58,16.91
Suicide,Humboldt,2006-2008,Sex,Female,26,199300,13.04,12.27
Suicide,Santa Clara,2006-2008,Sex,Female,116,2587000,4.484,4.389
Suicide,Kern,2006-2008,Sex,Female,47,1168000,4.022,4.347
Suicide,El Dorado,2006-2008,Sex,Female,19,265600,7.153,6.65
Suicide,Butte,2006-2008,Sex,Female,18,330000,5.454,5.89
Suicide,Santa Cruz,2006-2008,Sex,Female,13,387200,3.357,3.015
Suicide,Los Angeles,2006-2008,Sex,Female,463,14880000,3.112,3.073
Suicide,Lake,2006-2008,Sex,Female,15,96170,15.6,15.78
Suicide,Riverside,2006-2008,Sex,Female,137,3128000,4.38,4.533
Suicide,Merced,2006-2008,Sex,Female,11,372300,2.954,3.322
Suicide,Santa Barbara,2006-2008,Sex,Female,27,622400,4.338,4.15
Suicide,Orange,2006-2008,Sex,Female,228,4493000,5.074,4.936
Suicide,San Mateo,2006-2008,Sex,Female,40,1075000,3.721,3.378
Suicide,Fresno,2006-2008,Sex,Female,57,1350000,4.222,4.425
Suicide,San Luis Obispo,2006-2008,Sex,Female,24,386600,6.209,5.98
Suicide,San Francisco,2006-2008,Sex,Female,62,1169000,5.305,4.465
Suicide,Placer,2006-2008,Sex,Female,31,505900,6.127,5.867
Suicide,Mendocino,2006-2008,Sex,Female,16,131700,12.15,11.96
Suicide,Monterey,2006-2008,Sex,Female,30,595200,5.04,5.175
Suicide,Shasta,2006-2008,Sex,Female,18,268700,6.698,7.09
Suicide,San Diego,2006-2008,Sex,Female,225,4504000,4.996,4.938
Suicide,Stanislaus,2006-2008,Sex,Female,30,770300,3.895,3.943
Suicide,CALIFORNIA,2006-2008,Sex,Female,2397,55120000,4.349,4.281
Suicide,Yolo,2006-2008,Sex,Female,21,299000,7.024,7.383
Suicide,Sacramento,2006-2008,Sex,Female,115,2124000,5.415,5.345
Suicide,Sonoma,2006-2008,Sex,Female,43,721300,5.961,5.192
Suicide,Contra Costa,2006-2008,Sex,Female,79,1569000,5.036,4.735
Suicide,Solano,2006-2008,Sex,Female,28,617900,4.531,4.456
Suicide,Ventura,2006-2008,Sex,Female,57,1216000,4.689,4.423
Suicide,Tehama,2006-2008,Sex,Female,11,93640,11.75,11.44
Suicide,Marin,2006-2008,Sex,Female,30,378100,7.934,5.941
Suicide,San Joaquin,2006-2008,Sex,Female,39,1007000,3.874,4.046
Suicide,Madera,2006-2008,Sex,Female,13,228100,5.7,5.762
Suicide,Alameda,2006-2008,Sex,Female,92,2259000,4.073,3.889
Suicide,Nevada,2006-2008,Sex,Female,11,149400,7.365,5.402
Suicide,San Bernardino,2006-2008,Sex,Female,128,3012000,4.25,4.448
Suicide,Sacramento,2006-2008,Sex,Male,412,2037000,20.22,20.83
Suicide,San Luis Obispo,2006-2008,Sex,Male,80,406200,19.69,19
Suicide,Butte,2006-2008,Sex,Male,99,321200,30.82,31.02
Suicide,Nevada,2006-2008,Sex,Male,41,146200,28.05,26.96
Suicide,San Francisco,2006-2008,Sex,Male,236,1204000,19.6,17.15
Suicide,Placer,2006-2008,Sex,Male,82,484000,16.94,16.58
Suicide,Santa Clara,2006-2008,Sex,Male,288,2623000,10.98,11.24
Suicide,El Dorado,2006-2008,Sex,Male,46,265400,17.33,17.64
Suicide,Orange,2006-2008,Sex,Male,584,4411000,13.24,13.65
Suicide,Sonoma,2006-2008,Sex,Male,141,698300,20.19,19.43
Suicide,Stanislaus,2006-2008,Sex,Male,120,752000,15.96,17.15
Suicide,Marin,2006-2008,Sex,Male,86,368200,23.36,20.93
Suicide,Riverside,2006-2008,Sex,Male,467,3095000,15.09,16.25
Suicide,Yolo,2006-2008,Sex,Male,42,284300,14.77,15.04
Suicide,CALIFORNIA,2006-2008,Sex,Male,8017,54540000,14.7,15.37
Suicide,San Joaquin,2006-2008,Sex,Male,147,999200,14.71,16.51
Suicide,Humboldt,2006-2008,Sex,Male,61,198700,30.69,29.59
Suicide,San Diego,2006-2008,Sex,Male,763,4544000,16.79,17.49
Suicide,Tehama,2006-2008,Sex,Male,26,92640,28.07,28.94
Suicide,Solano,2006-2008,Sex,Male,90,619200,14.53,15.08
Suicide,Kern,2006-2008,Sex,Male,181,1243000,14.56,16.99
Suicide,Fresno,2006-2008,Sex,Male,191,1349000,14.16,15.56
Suicide,Lake,2006-2008,Sex,Male,38,95980,39.59,39.01
Suicide,Mendocino,2006-2008,Sex,Male,49,131300,37.32,35.35
Suicide,Madera,2006-2008,Sex,Male,36,211400,17.03,19.11
Suicide,Ventura,2006-2008,Sex,Male,206,1203000,17.12,17.94
Suicide,Los Angeles,2006-2008,Sex,Male,1612,14480000,11.13,11.84
Suicide,Monterey,2006-2008,Sex,Male,89,629400,14.14,14.81
Suicide,Merced,2006-2008,Sex,Male,36,374700,9.608,11.02
Suicide,San Mateo,2006-2008,Sex,Male,145,1040000,13.94,13.71
Suicide,Shasta,2006-2008,Sex,Male,99,259000,38.23,37.72
Suicide,Alameda,2006-2008,Sex,Male,263,2174000,12.1,12.4
Suicide,Contra Costa,2006-2008,Sex,Male,216,1496000,14.44,14.9
Suicide,Santa Barbara,2006-2008,Sex,Male,80,627100,12.76,13.71
Suicide,Santa Cruz,2006-2008,Sex,Male,73,385700,18.93,20.08
Suicide,San Bernardino,2006-2008,Sex,Male,423,2984000,14.18,16.12
Suicide,Riverside,2006-2008,Sex,Total,604,6223000,9.706,10.19
Suicide,Sacramento,2006-2008,Sex,Total,527,4161000,12.66,12.7
Suicide,Trinity,2006-2008,Sex,Total,15,41330,36.29,33.26
Suicide,Mendocino,2006-2008,Sex,Total,65,263000,24.71,23.49
Suicide,Santa Clara,2006-2008,Sex,Total,404,5210000,7.755,7.724
Suicide,Placer,2006-2008,Sex,Total,113,989900,11.42,10.96
Suicide,Alameda,2006-2008,Sex,Total,355,4433000,8.008,7.856
Suicide,Santa Barbara,2006-2008,Sex,Total,107,1249000,8.564,8.68
Suicide,Solano,2006-2008,Sex,Total,118,1237000,9.538,9.577
Suicide,Stanislaus,2006-2008,Sex,Total,150,1522000,9.853,10.27
Suicide,Ventura,2006-2008,Sex,Total,263,2419000,10.87,10.85
Suicide,Kings,2006-2008,Sex,Total,35,449700,7.783,8.629
Suicide,Merced,2006-2008,Sex,Total,47,747000,6.292,6.916
Suicide,Shasta,2006-2008,Sex,Total,117,527700,22.17,21.54
Suicide,Sutter,2006-2008,Sex,Total,28,276600,10.12,10.26
Suicide,San Mateo,2006-2008,Sex,Total,185,2115000,8.747,8.267
Suicide,Orange,2006-2008,Sex,Total,812,8904000,9.119,9.104
Suicide,Imperial,2006-2008,Sex,Total,30,499500,6.006,6.652
Suicide,Lake,2006-2008,Sex,Total,53,192100,27.58,27.1
Suicide,Monterey,2006-2008,Sex,Total,119,1225000,9.717,10.06
Suicide,El Dorado,2006-2008,Sex,Total,65,531100,12.24,12.03
Suicide,Los Angeles,2006-2008,Sex,Total,2075,29360000,7.068,7.194
Suicide,San Diego,2006-2008,Sex,Total,988,9048000,10.92,10.91
Suicide,Nevada,2006-2008,Sex,Total,52,295500,17.6,16.15
Suicide,Lassen,2006-2008,Sex,Total,21,105900,19.83,18.16
Suicide,Siskiyou,2006-2008,Sex,Total,33,134800,24.48,23.11
Suicide,Tehama,2006-2008,Sex,Total,37,186300,19.86,20.07
Suicide,San Luis Obispo,2006-2008,Sex,Total,104,792800,13.12,12.44
Suicide,Madera,2006-2008,Sex,Total,49,439400,11.15,11.9
Suicide,Calaveras,2006-2008,Sex,Total,24,136700,17.56,15.28
Suicide,San Francisco,2006-2008,Sex,Total,298,2373000,12.56,10.93
Suicide,San Joaquin,2006-2008,Sex,Total,186,2006000,9.273,9.983
Suicide,Butte,2006-2008,Sex,Total,117,651300,17.96,18.04
Suicide,Marin,2006-2008,Sex,Total,116,746300,15.54,13.48
Suicide,San Bernardino,2006-2008,Sex,Total,551,5996000,9.19,9.952
Suicide,Sonoma,2006-2008,Sex,Total,184,1420000,12.96,12.03
Suicide,Kern,2006-2008,Sex,Total,228,2412000,9.453,10.51
Suicide,Santa Cruz,2006-2008,Sex,Total,86,773000,11.13,10.88
Suicide,Amador,2006-2008,Sex,Total,26,113900,22.83,18.33
Suicide,Fresno,2006-2008,Sex,Total,248,2699000,9.187,9.822
Suicide,Contra Costa,2006-2008,Sex,Total,295,3065000,9.626,9.437
Suicide,Yuba,2006-2008,Sex,Total,38,210900,18.02,18.68
Suicide,Napa,2006-2008,Sex,Total,50,399900,12.5,12.23
Suicide,Mariposa,2006-2008,Sex,Total,13,55010,23.63,21.42
Suicide,Tulare,2006-2008,Sex,Total,111,1271000,8.732,9.849
Suicide,Humboldt,2006-2008,Sex,Total,87,398100,21.85,20.59
Suicide,Tuolumne,2006-2008,Sex,Total,38,168800,22.52,19.93
Suicide,CALIFORNIA,2006-2008,Sex,Total,10410,109700000,9.497,9.571
Suicide,Yolo,2006-2008,Sex,Total,63,583300,10.8,11.21
Suicide,Orange,2009-2011,Sex,Female,207,4576000,4.524,4.386
Suicide,Madera,2009-2011,Sex,Female,16,234000,6.837,6.971
Suicide,Solano,2009-2011,Sex,Female,37,620600,5.962,6.174
Suicide,Fresno,2009-2011,Sex,Female,58,1400000,4.142,4.346
Suicide,Lake,2009-2011,Sex,Female,13,96680,13.45,12.79
Suicide,Santa Barbara,2009-2011,Sex,Female,27,632900,4.266,4.252
Suicide,Placer,2009-2011,Sex,Female,27,536700,5.031,4.884
Suicide,Butte,2009-2011,Sex,Female,26,333200,7.802,8.365
Suicide,Santa Clara,2009-2011,Sex,Female,118,2677000,4.408,4.267
Suicide,Merced,2009-2011,Sex,Female,25,382900,6.529,6.739
Suicide,Humboldt,2009-2011,Sex,Female,22,201400,10.92,10.36
Suicide,San Mateo,2009-2011,Sex,Female,60,1101000,5.45,4.999
Suicide,San Diego,2009-2011,Sex,Female,262,4637000,5.65,5.371
Suicide,San Luis Obispo,2009-2011,Sex,Female,33,394000,8.376,8.031
Suicide,CALIFORNIA,2009-2011,Sex,Female,2691,56350000,4.776,4.633
Suicide,Monterey,2009-2011,Sex,Female,27,606300,4.453,4.3
Suicide,Mendocino,2009-2011,Sex,Female,15,131100,11.44,11.41
Suicide,Shasta,2009-2011,Sex,Female,23,270300,8.51,7.722
Suicide,Riverside,2009-2011,Sex,Female,132,3308000,3.991,3.978
Suicide,Ventura,2009-2011,Sex,Female,69,1245000,5.544,5.062
Suicide,Contra Costa,2009-2011,Sex,Female,99,1617000,6.121,5.767
Suicide,Alameda,2009-2011,Sex,Female,100,2318000,4.313,4.12
Suicide,Tulare,2009-2011,Sex,Female,14,663300,2.111,2.319
Suicide,El Dorado,2009-2011,Sex,Female,24,270600,8.868,7.499
Suicide,Calaveras,2009-2011,Sex,Female,11,68220,16.13,16.5
Suicide,Sacramento,2009-2011,Sex,Female,134,2176000,6.157,5.986
Suicide,Stanislaus,2009-2011,Sex,Female,38,781500,4.863,5.008
Suicide,Kern,2009-2011,Sex,Female,57,1223000,4.662,4.955
Suicide,San Bernardino,2009-2011,Sex,Female,145,3082000,4.705,4.826
Suicide,Santa Cruz,2009-2011,Sex,Female,29,395400,7.335,7.375
Suicide,Napa,2009-2011,Sex,Female,13,204900,6.345,4.679
Suicide,San Joaquin,2009-2011,Sex,Female,40,1035000,3.864,4.05
Suicide,San Francisco,2009-2011,Sex,Female,74,1198000,6.177,5.579
Suicide,Los Angeles,2009-2011,Sex,Female,517,14980000,3.452,3.351
Suicide,Sonoma,2009-2011,Sex,Female,65,737300,8.816,7.832
Suicide,Nevada,2009-2011,Sex,Female,18,149300,12.06,13.82
Suicide,Marin,2009-2011,Sex,Female,38,384700,9.878,8.985
Suicide,Contra Costa,2009-2011,Sex,Male,254,1542000,16.48,16.16
Suicide,Humboldt,2009-2011,Sex,Male,72,202600,35.53,33.81
Suicide,Fresno,2009-2011,Sex,Male,160,1398000,11.44,12.37
Suicide,Santa Barbara,2009-2011,Sex,Male,110,638400,17.23,17.64
Suicide,Stanislaus,2009-2011,Sex,Male,130,765300,16.99,18.2
Suicide,San Luis Obispo,2009-2011,Sex,Male,113,413600,27.32,24.38
Suicide,San Mateo,2009-2011,Sex,Male,147,1065000,13.8,12.93
Suicide,Butte,2009-2011,Sex,Male,108,326800,33.05,31.4
Suicide,Lake,2009-2011,Sex,Male,45,97350,46.23,40.34
Suicide,Marin,2009-2011,Sex,Male,79,373100,21.17,18.36
Suicide,Santa Cruz,2009-2011,Sex,Male,79,394100,20.05,19.84
Suicide,Shasta,2009-2011,Sex,Male,104,261100,39.83,37.83
Suicide,Santa Clara,2009-2011,Sex,Male,333,2702000,12.32,12.25
Suicide,CALIFORNIA,2009-2011,Sex,Male,8790,55740000,15.77,15.97
Suicide,Kern,2009-2011,Sex,Male,209,1300000,16.07,17.87
Suicide,Plumas,2009-2011,Sex,Male,12,29980,40.02,33.78
Suicide,Tulare,2009-2011,Sex,Male,107,665200,16.09,18.11
Suicide,Nevada,2009-2011,Sex,Male,41,146100,28.07,26.52
Suicide,San Diego,2009-2011,Sex,Male,835,4676000,17.86,17.93
Suicide,Solano,2009-2011,Sex,Male,124,619100,20.03,20.21
Suicide,Napa,2009-2011,Sex,Male,34,204200,16.65,16.56
Suicide,Inyo,2009-2011,Sex,Male,13,27960,46.5,36.75
Suicide,Sonoma,2009-2011,Sex,Male,143,714000,20.03,18.69
Suicide,Merced,2009-2011,Sex,Male,61,388100,15.72,17.64
Suicide,Monterey,2009-2011,Sex,Male,83,641600,12.94,13.41
Suicide,Alameda,2009-2011,Sex,Male,318,2233000,14.24,14.33
Suicide,Los Angeles,2009-2011,Sex,Male,1783,14570000,12.24,12.52
Suicide,San Bernardino,2009-2011,Sex,Male,492,3049000,16.13,17.45
Suicide,Madera,2009-2011,Sex,Male,41,217800,18.82,20.03
Suicide,Calaveras,2009-2011,Sex,Male,26,68300,38.07,30.13
Suicide,Ventura,2009-2011,Sex,Male,221,1230000,17.97,18.44
Suicide,San Francisco,2009-2011,Sex,Male,211,1233000,17.11,15.47
Suicide,Orange,2009-2011,Sex,Male,622,4487000,13.86,13.89
Suicide,El Dorado,2009-2011,Sex,Male,89,270900,32.85,30.91
Suicide,Placer,2009-2011,Sex,Male,134,512900,26.13,25.41
Suicide,Riverside,2009-2011,Sex,Male,501,3275000,15.3,15.92
Suicide,San Joaquin,2009-2011,Sex,Male,161,1027000,15.67,17.06
Suicide,Sacramento,2009-2011,Sex,Male,390,2091000,18.66,18.99
Suicide,Mendocino,2009-2011,Sex,Male,49,131300,37.31,33.79
Suicide,Los Angeles,2009-2011,Sex,Total,2300,29540000,7.785,7.693
Suicide,El Dorado,2009-2011,Sex,Total,113,541500,20.87,18.81
Suicide,Orange,2009-2011,Sex,Total,829,9063000,9.147,8.931
Suicide,Fresno,2009-2011,Sex,Total,218,2799000,7.79,8.178
Suicide,Marin,2009-2011,Sex,Total,117,757800,15.44,13.44
Suicide,Inyo,2009-2011,Sex,Total,13,55530,23.41,18.16
Suicide,Kings,2009-2011,Sex,Total,31,455300,6.808,6.967
Suicide,Sonoma,2009-2011,Sex,Total,208,1451000,14.33,12.98
Suicide,Sacramento,2009-2011,Sex,Total,524,4267000,12.28,12.06
Suicide,Alameda,2009-2011,Sex,Total,418,4551000,9.185,8.902
Suicide,Del Norte,2009-2011,Sex,Total,20,85160,23.49,22.67
Suicide,Santa Barbara,2009-2011,Sex,Total,137,1271000,10.78,10.87
Suicide,Humboldt,2009-2011,Sex,Total,94,404000,23.27,21.85
Suicide,Siskiyou,2009-2011,Sex,Total,32,134600,23.77,23.79
Suicide,San Joaquin,2009-2011,Sex,Total,201,2062000,9.746,10.28
Suicide,San Mateo,2009-2011,Sex,Total,207,2166000,9.557,8.756
Suicide,San Benito,2009-2011,Sex,Total,14,166400,8.414,9.689
Suicide,Yuba,2009-2011,Sex,Total,29,217100,13.36,13.85
Suicide,Lassen,2009-2011,Sex,Total,13,104200,12.48,11.89
Suicide,Placer,2009-2011,Sex,Total,161,1050000,15.34,14.72
Suicide,Tulare,2009-2011,Sex,Total,121,1328000,9.108,10.05
Suicide,Monterey,2009-2011,Sex,Total,110,1248000,8.815,8.858
Suicide,Tuolumne,2009-2011,Sex,Total,41,165800,24.73,23.31
Suicide,Amador,2009-2011,Sex,Total,34,113900,29.86,24.98
Suicide,Lake,2009-2011,Sex,Total,58,194000,29.89,26.51
Suicide,Kern,2009-2011,Sex,Total,266,2523000,10.54,11.37
Suicide,CALIFORNIA,2009-2011,Sex,Total,11480,112100000,10.24,10.07
Suicide,Mariposa,2009-2011,Sex,Total,15,54760,27.39,23.39
Suicide,San Francisco,2009-2011,Sex,Total,285,2431000,11.72,10.53
Suicide,Contra Costa,2009-2011,Sex,Total,353,3159000,11.17,10.67
Suicide,Merced,2009-2011,Sex,Total,86,771000,11.15,12.09
Suicide,Calaveras,2009-2011,Sex,Total,37,136500,27.1,23.1
Suicide,Shasta,2009-2011,Sex,Total,127,531400,23.9,22.23
Suicide,Mendocino,2009-2011,Sex,Total,64,262500,24.38,22.3
Suicide,Riverside,2009-2011,Sex,Total,633,6583000,9.616,9.745
Suicide,Sutter,2009-2011,Sex,Total,34,284700,11.94,11.95
Suicide,Ventura,2009-2011,Sex,Total,290,2474000,11.72,11.4
Suicide,Stanislaus,2009-2011,Sex,Total,168,1547000,10.86,11.29
Suicide,Nevada,2009-2011,Sex,Total,59,295300,19.98,19.98
Suicide,Imperial,2009-2011,Sex,Total,36,526100,6.843,7.183
Suicide,Napa,2009-2011,Sex,Total,47,409100,11.49,10.53
Suicide,San Luis Obispo,2009-2011,Sex,Total,146,807600,18.08,16.06
Suicide,San Diego,2009-2011,Sex,Total,1097,9314000,11.78,11.42
Suicide,Plumas,2009-2011,Sex,Total,12,59970,20.01,16.41
Suicide,Butte,2009-2011,Sex,Total,134,660000,20.3,19.37
Suicide,Yolo,2009-2011,Sex,Total,49,605100,8.098,8.291
Suicide,Madera,2009-2011,Sex,Total,57,451800,12.62,13.1
Suicide,Tehama,2009-2011,Sex,Total,33,190200,17.35,16.36
Suicide,Solano,2009-2011,Sex,Total,161,1240000,12.99,12.85
Suicide,San Bernardino,2009-2011,Sex,Total,637,6131000,10.39,10.86
Suicide,Santa Clara,2009-2011,Sex,Total,451,5379000,8.384,8.196
Suicide,Santa Cruz,2009-2011,Sex,Total,108,789400,13.68,13.47
Suicide,San Bernardino,2012-2014,Sex,Female,103,3159000,3.26,3.268
Suicide,Merced,2012-2014,Sex,Female,18,394300,4.565,4.697
Suicide,Mendocino,2012-2014,Sex,Female,13,132000,9.849,9.317
Suicide,Nevada,2012-2014,Sex,Female,14,148700,9.414,7.83
Suicide,Humboldt,2012-2014,Sex,Female,28,201500,13.9,12.98
Suicide,San Luis Obispo,2012-2014,Sex,Female,34,401900,8.46,7.642
Suicide,Madera,2012-2014,Sex,Female,12,235500,5.095,5.255
Suicide,Tulare,2012-2014,Sex,Female,28,682800,4.101,4.442
Suicide,Sonoma,2012-2014,Sex,Female,45,752900,5.977,5.403
Suicide,San Francisco,2012-2014,Sex,Female,54,1248000,4.327,3.761
Suicide,Santa Clara,2012-2014,Sex,Female,114,2780000,4.101,3.887
Suicide,Stanislaus,2012-2014,Sex,Female,33,799100,4.13,4.194
Suicide,Marin,2012-2014,Sex,Female,32,393600,8.131,6.92
Suicide,San Joaquin,2012-2014,Sex,Female,49,1066000,4.598,4.705
Suicide,Orange,2012-2014,Sex,Female,230,4708000,4.885,4.602
Suicide,Kern,2012-2014,Sex,Female,71,1268000,5.599,5.769
Suicide,Santa Cruz,2012-2014,Sex,Female,30,405000,7.408,7.118
Suicide,El Dorado,2012-2014,Sex,Female,17,272200,6.245,4.843
Suicide,Ventura,2012-2014,Sex,Female,79,1270000,6.219,5.897
Suicide,Contra Costa,2012-2014,Sex,Female,77,1673000,4.604,4.188
Suicide,Placer,2012-2014,Sex,Female,26,557500,4.663,3.812
Suicide,Riverside,2012-2014,Sex,Female,171,3436000,4.977,4.86
Suicide,Napa,2012-2014,Sex,Female,12,209800,5.719,5.712
Suicide,San Diego,2012-2014,Sex,Female,307,4795000,6.403,6.15
Suicide,San Mateo,2012-2014,Sex,Female,44,1140000,3.859,3.657
Suicide,Fresno,2012-2014,Sex,Female,55,1441000,3.818,4.018
Suicide,Monterey,2012-2014,Sex,Female,31,622900,4.977,5.107
Suicide,Alameda,2012-2014,Sex,Female,110,2408000,4.568,4.334
Suicide,Santa Barbara,2012-2014,Sex,Female,37,648400,5.706,5.459
Suicide,Los Angeles,2012-2014,Sex,Female,506,15280000,3.312,3.195
Suicide,Sacramento,2012-2014,Sex,Female,139,2230000,6.234,5.939
Suicide,Shasta,2012-2014,Sex,Female,28,272700,10.27,9.772
Suicide,CALIFORNIA,2012-2014,Sex,Female,2711,57880000,4.684,4.481
Suicide,Solano,2012-2014,Sex,Female,29,634500,4.57,4.114
Suicide,Butte,2012-2014,Sex,Female,24,336300,7.136,7.39
Suicide,El Dorado,2012-2014,Sex,Male,75,273700,27.4,24.9
Suicide,San Mateo,2012-2014,Sex,Male,129,1105000,11.67,10.92
Suicide,Placer,2012-2014,Sex,Male,106,534800,19.82,18.29
Suicide,Contra Costa,2012-2014,Sex,Male,241,1596000,15.1,14.98
Suicide,San Joaquin,2012-2014,Sex,Male,179,1058000,16.92,18.22
Suicide,Sacramento,2012-2014,Sex,Male,453,2145000,21.12,21.51
Suicide,Santa Barbara,2012-2014,Sex,Male,112,657300,17.04,17.13
Suicide,Santa Clara,2012-2014,Sex,Male,336,2817000,11.93,11.74
Suicide,San Diego,2012-2014,Sex,Male,931,4837000,19.25,19.4
Suicide,San Francisco,2012-2014,Sex,Male,150,1282000,11.7,10.73
Suicide,Sonoma,2012-2014,Sex,Male,151,729100,20.71,19.25
Suicide,Marin,2012-2014,Sex,Male,78,381800,20.43,17.21
Suicide,Santa Cruz,2012-2014,Sex,Male,90,404800,22.23,23.02
Suicide,Riverside,2012-2014,Sex,Male,546,3400000,16.06,16.53
Suicide,San Bernardino,2012-2014,Sex,Male,507,3122000,16.24,17.66
Suicide,Mendocino,2012-2014,Sex,Male,49,132600,36.96,38.61
Suicide,Madera,2012-2014,Sex,Male,55,221700,24.81,26.89
Suicide,Shasta,2012-2014,Sex,Male,101,263300,38.36,35.04
Suicide,Kern,2012-2014,Sex,Male,253,1335000,18.95,20.77
Suicide,CALIFORNIA,2012-2014,Sex,Male,9163,57270000,16,16.09
Suicide,San Luis Obispo,2012-2014,Sex,Male,112,420300,26.65,24.55
Suicide,Tulare,2012-2014,Sex,Male,103,685000,15.04,16.29
Suicide,Humboldt,2012-2014,Sex,Male,77,203000,37.93,36.58
Suicide,Solano,2012-2014,Sex,Male,120,629000,19.08,18.78
Suicide,Monterey,2012-2014,Sex,Male,88,657200,13.39,13.74
Suicide,Fresno,2012-2014,Sex,Male,218,1439000,15.15,16.79
Suicide,Ventura,2012-2014,Sex,Male,213,1257000,16.95,17.07
Suicide,Napa,2012-2014,Sex,Male,42,208800,20.12,20.17
Suicide,Butte,2012-2014,Sex,Male,83,331600,25.03,24.4
Suicide,Los Angeles,2012-2014,Sex,Male,1821,14890000,12.23,12.3
Suicide,Alameda,2012-2014,Sex,Male,329,2322000,14.17,14.02
Suicide,Stanislaus,2012-2014,Sex,Male,130,783900,16.58,17.69
Suicide,Orange,2012-2014,Sex,Male,726,4625000,15.7,15.62
Suicide,Nevada,2012-2014,Sex,Male,51,145400,35.07,30.99
Suicide,Merced,2012-2014,Sex,Male,51,401200,12.71,14.79
Suicide,Sutter,2012-2014,Sex,Total,48,289700,16.57,16.17
Suicide,Shasta,2012-2014,Sex,Total,129,535900,24.07,21.94
Suicide,Lassen,2012-2014,Sex,Total,24,97150,24.7,22.22
Suicide,Alameda,2012-2014,Sex,Total,439,4730000,9.281,8.835
Suicide,Nevada,2012-2014,Sex,Total,65,294100,22.1,19.22
Suicide,Imperial,2012-2014,Sex,Total,36,542900,6.631,6.798
Suicide,Marin,2012-2014,Sex,Total,110,775400,14.19,11.91
Suicide,Madera,2012-2014,Sex,Total,67,457200,14.65,15.43
Suicide,CALIFORNIA,2012-2014,Sex,Total,11870,115200000,10.31,10.05
Suicide,Riverside,2012-2014,Sex,Total,717,6836000,10.49,10.51
Suicide,Yuba,2012-2014,Sex,Total,34,223000,15.24,15.37
Suicide,Lake,2012-2014,Sex,Total,52,194800,26.69,24.46
Suicide,Napa,2012-2014,Sex,Total,54,418600,12.9,12.41
Suicide,Colusa,2012-2014,Sex,Total,16,65890,24.28,26.57
Suicide,Siskiyou,2012-2014,Sex,Total,34,134000,25.37,23.92
Suicide,El Dorado,2012-2014,Sex,Total,92,545900,16.85,14.8
Suicide,Santa Clara,2012-2014,Sex,Total,450,5597000,8.04,7.737
Suicide,San Luis Obispo,2012-2014,Sex,Total,146,822200,17.76,16.04
Suicide,San Mateo,2012-2014,Sex,Total,173,2246000,7.704,7.099
Suicide,Stanislaus,2012-2014,Sex,Total,163,1583000,10.3,10.54
Suicide,Plumas,2012-2014,Sex,Total,13,59340,21.91,19.79
Suicide,Tehama,2012-2014,Sex,Total,34,191300,17.77,15.42
Suicide,Placer,2012-2014,Sex,Total,132,1092000,12.08,10.77
Suicide,Kern,2012-2014,Sex,Total,324,2604000,12.44,13.18
Suicide,Orange,2012-2014,Sex,Total,956,9333000,10.24,9.854
Suicide,Tulare,2012-2014,Sex,Total,131,1368000,9.577,10.26
Suicide,Merced,2012-2014,Sex,Total,69,795400,8.675,9.511
Suicide,Inyo,2012-2014,Sex,Total,12,55780,21.51,16.16
Suicide,Tuolumne,2012-2014,Sex,Total,26,164600,15.79,14.2
Suicide,Butte,2012-2014,Sex,Total,107,667900,16.02,15.62
Suicide,Monterey,2012-2014,Sex,Total,119,1280000,9.296,9.289
Suicide,Mendocino,2012-2014,Sex,Total,62,264600,23.43,23.98
Suicide,Sacramento,2012-2014,Sex,Total,592,4375000,13.53,13.32
Suicide,Ventura,2012-2014,Sex,Total,292,2527000,11.55,11.18
Suicide,Amador,2012-2014,Sex,Total,38,112800,33.7,27.63
Suicide,Yolo,2012-2014,Sex,Total,51,623400,8.18,8.515
Suicide,San Francisco,2012-2014,Sex,Total,204,2530000,8.063,7.299
Suicide,San Bernardino,2012-2014,Sex,Total,610,6282000,9.711,10.14
Suicide,San Diego,2012-2014,Sex,Total,1238,9632000,12.85,12.54
Suicide,San Joaquin,2012-2014,Sex,Total,228,2123000,10.74,11.16
Suicide,Del Norte,2012-2014,Sex,Total,20,82770,24.16,22.69
Suicide,Humboldt,2012-2014,Sex,Total,105,404500,25.96,24.72
Suicide,Kings,2012-2014,Sex,Total,41,449700,9.118,10.01
Suicide,Santa Barbara,2012-2014,Sex,Total,149,1306000,11.41,11.08
Suicide,Mariposa,2012-2014,Sex,Total,16,54500,29.36,32.32
Suicide,Calaveras,2012-2014,Sex,Total,31,135400,22.89,19.99
Suicide,Fresno,2012-2014,Sex,Total,273,2880000,9.481,10.18
Suicide,Contra Costa,2012-2014,Sex,Total,318,3268000,9.73,9.341
Suicide,Los Angeles,2012-2014,Sex,Total,2327,30170000,7.713,7.52
Suicide,Solano,2012-2014,Sex,Total,149,1264000,11.79,11.17
Suicide,Santa Cruz,2012-2014,Sex,Total,120,809800,14.82,14.59
Suicide,Sonoma,2012-2014,Sex,Total,196,1482000,13.22,11.79
Suicide,Contra Costa,2015-2017,Sex,Female,87,1733000,5.021,4.779
Suicide,San Bernardino,2015-2017,Sex,Female,150,3243000,4.626,4.691
Suicide,Shasta,2015-2017,Sex,Female,31,272400,11.38,10.24
Suicide,Humboldt,2015-2017,Sex,Female,26,203300,12.79,12.52
Suicide,Merced,2015-2017,Sex,Female,22,405600,5.424,5.81
Suicide,Tulare,2015-2017,Sex,Female,30,701100,4.279,4.483
Suicide,Madera,2015-2017,Sex,Female,11,241500,4.556,4.458
Suicide,Placer,2015-2017,Sex,Female,35,574300,6.094,5.753
Suicide,Solano,2015-2017,Sex,Female,35,654200,5.35,5.041
Suicide,Sacramento,2015-2017,Sex,Female,136,2301000,5.911,5.643
Suicide,Fresno,2015-2017,Sex,Female,61,1485000,4.108,4.354
Suicide,San Francisco,2015-2017,Sex,Female,84,1290000,6.511,5.374
Suicide,Yolo,2015-2017,Sex,Female,15,333200,4.502,4.502
Suicide,San Luis Obispo,2015-2017,Sex,Female,44,409100,10.76,9.017
Suicide,Orange,2015-2017,Sex,Female,236,4809000,4.907,4.589
Suicide,Nevada,2015-2017,Sex,Female,13,149300,8.707,6.621
Suicide,Santa Cruz,2015-2017,Sex,Female,46,414400,11.1,10.03
Suicide,Santa Clara,2015-2017,Sex,Female,92,2874000,3.201,3.089
Suicide,Marin,2015-2017,Sex,Female,26,400300,6.495,4.715
Suicide,Santa Barbara,2015-2017,Sex,Female,53,667000,7.947,7.734
Suicide,Butte,2015-2017,Sex,Female,24,339900,7.062,6.719
Suicide,Kern,2015-2017,Sex,Female,83,1301000,6.381,6.501
Suicide,Monterey,2015-2017,Sex,Female,34,643500,5.284,5.124
Suicide,CALIFORNIA,2015-2017,Sex,Female,2916,59330000,4.915,4.681
Suicide,Sonoma,2015-2017,Sex,Female,49,768100,6.379,5.519
Suicide,Los Angeles,2015-2017,Sex,Female,539,15540000,3.469,3.317
Suicide,San Mateo,2015-2017,Sex,Female,45,1170000,3.847,3.706
Suicide,Imperial,2015-2017,Sex,Female,14,276700,5.06,5.423
Suicide,San Joaquin,2015-2017,Sex,Female,42,1110000,3.783,3.768
Suicide,Alameda,2015-2017,Sex,Female,116,2499000,4.641,4.277
Suicide,Lake,2015-2017,Sex,Female,14,97800,14.31,11.31
Suicide,Ventura,2015-2017,Sex,Female,64,1288000,4.968,4.653
Suicide,Stanislaus,2015-2017,Sex,Female,38,824600,4.608,4.68
Suicide,Riverside,2015-2017,Sex,Female,202,3561000,5.673,5.542
Suicide,San Diego,2015-2017,Sex,Female,305,4926000,6.192,5.931
Suicide,El Dorado,2015-2017,Sex,Female,19,275000,6.908,5.689
Suicide,Santa Cruz,2015-2017,Sex,Male,90,414900,21.69,21.57
Suicide,Imperial,2015-2017,Sex,Male,34,285200,11.92,12.85
Suicide,Butte,2015-2017,Sex,Male,104,336100,30.94,30.71
Suicide,Tulare,2015-2017,Sex,Male,118,703700,16.77,18.18
Suicide,Shasta,2015-2017,Sex,Male,104,262900,39.56,37.53
Suicide,San Francisco,2015-2017,Sex,Male,225,1324000,17,15.16
Suicide,Marin,2015-2017,Sex,Male,93,389400,23.88,20.61
Suicide,Merced,2015-2017,Sex,Male,63,412700,15.27,16.92
Suicide,Monterey,2015-2017,Sex,Male,87,679300,12.81,13.06
Suicide,Kern,2015-2017,Sex,Male,273,1369000,19.94,21.39
Suicide,Sonoma,2015-2017,Sex,Male,156,744400,20.96,19.16
Suicide,Solano,2015-2017,Sex,Male,113,648500,17.42,17.21
Suicide,Stanislaus,2015-2017,Sex,Male,127,810500,15.67,16.21
Suicide,Lake,2015-2017,Sex,Male,45,97660,46.08,45.76
Suicide,Fresno,2015-2017,Sex,Male,242,1484000,16.31,17.5
Suicide,Contra Costa,2015-2017,Sex,Male,269,1657000,16.23,15.91
Suicide,San Bernardino,2015-2017,Sex,Male,516,3203000,16.11,17.33
Suicide,Ventura,2015-2017,Sex,Male,224,1277000,17.55,16.95
Suicide,CALIFORNIA,2015-2017,Sex,Male,9642,58780000,16.4,16.2
Suicide,El Dorado,2015-2017,Sex,Male,79,277400,28.48,29.06
Suicide,Placer,2015-2017,Sex,Male,110,553500,19.87,18.18
Suicide,Alameda,2015-2017,Sex,Male,326,2414000,13.51,13.17
Suicide,Los Angeles,2015-2017,Sex,Male,1971,15170000,13,12.8
Suicide,Santa Clara,2015-2017,Sex,Male,344,2924000,11.77,11.42
Suicide,Riverside,2015-2017,Sex,Male,599,3525000,16.99,16.99
Suicide,Nevada,2015-2017,Sex,Male,48,146300,32.81,28.04
Suicide,Sacramento,2015-2017,Sex,Male,454,2220000,20.45,20.54
Suicide,Orange,2015-2017,Sex,Male,688,4735000,14.53,13.92
Suicide,San Mateo,2015-2017,Sex,Male,133,1138000,11.69,11.18
Suicide,Yolo,2015-2017,Sex,Male,64,316600,20.22,21
Suicide,San Diego,2015-2017,Sex,Male,941,4978000,18.9,18.91
Suicide,Humboldt,2015-2017,Sex,Male,66,204800,32.23,32.37
Suicide,Madera,2015-2017,Sex,Male,39,226500,17.22,18.54
Suicide,Santa Barbara,2015-2017,Sex,Male,126,678000,18.58,18.09
Suicide,San Joaquin,2015-2017,Sex,Male,179,1106000,16.18,17.16
Suicide,San Luis Obispo,2015-2017,Sex,Male,117,427500,27.37,24.01
Suicide,Yuba,2015-2017,Sex,Total,41,228600,17.93,18.75
Suicide,Lake,2015-2017,Sex,Total,59,195500,30.18,28.78
Suicide,Tuolumne,2015-2017,Sex,Total,42,163000,25.77,18.87
Suicide,Calaveras,2015-2017,Sex,Total,40,134500,29.74,25.87
Suicide,Ventura,2015-2017,Sex,Total,288,2565000,11.23,10.53
Suicide,Merced,2015-2017,Sex,Total,85,818300,10.39,11.33
Suicide,San Mateo,2015-2017,Sex,Total,178,2307000,7.714,7.303
Suicide,Orange,2015-2017,Sex,Total,924,9544000,9.681,9.145
Suicide,Glenn,2015-2017,Sex,Total,26,87240,29.8,28.31
Suicide,San Luis Obispo,2015-2017,Sex,Total,161,836600,19.24,16.44
Suicide,Placer,2015-2017,Sex,Total,145,1128000,12.86,11.78
Suicide,Madera,2015-2017,Sex,Total,50,467900,10.69,11.04
Suicide,San Diego,2015-2017,Sex,Total,1246,9904000,12.58,12.24
Suicide,Imperial,2015-2017,Sex,Total,48,561900,8.543,9
Suicide,Tehama,2015-2017,Sex,Total,34,192400,17.67,19.22
Suicide,Monterey,2015-2017,Sex,Total,121,1323000,9.147,8.998
Suicide,Riverside,2015-2017,Sex,Total,801,7085000,11.3,11.07
Suicide,Kern,2015-2017,Sex,Total,356,2670000,13.33,13.96
Suicide,Napa,2015-2017,Sex,Total,46,426700,10.78,9.519
Suicide,El Dorado,2015-2017,Sex,Total,98,552400,17.74,17.37
Suicide,Plumas,2015-2017,Sex,Total,12,58510,20.51,17.53
Suicide,Marin,2015-2017,Sex,Total,119,789800,15.07,12.52
Suicide,Santa Barbara,2015-2017,Sex,Total,179,1345000,13.31,12.79
Suicide,Inyo,2015-2017,Sex,Total,12,55980,21.44,15.7
Suicide,San Francisco,2015-2017,Sex,Total,309,2614000,11.82,10.32
Suicide,San Joaquin,2015-2017,Sex,Total,221,2216000,9.971,10.21
Suicide,Stanislaus,2015-2017,Sex,Total,165,1635000,10.09,10.16
Suicide,Lassen,2015-2017,Sex,Total,21,92270,22.76,22.79
Suicide,Mendocino,2015-2017,Sex,Total,60,266800,22.49,21.25
Suicide,Amador,2015-2017,Sex,Total,25,111800,22.37,20.52
Suicide,CALIFORNIA,2015-2017,Sex,Total,12560,118100000,10.63,10.26
Suicide,Santa Clara,2015-2017,Sex,Total,436,5798000,7.52,7.203
Suicide,Los Angeles,2015-2017,Sex,Total,2510,30700000,8.175,7.87
Suicide,Tulare,2015-2017,Sex,Total,148,1405000,10.54,11.16
Suicide,Kings,2015-2017,Sex,Total,51,449600,11.34,12.2
Suicide,Yolo,2015-2017,Sex,Total,79,649700,12.16,12.47
Suicide,Nevada,2015-2017,Sex,Total,61,295600,20.64,17.15
Suicide,San Benito,2015-2017,Sex,Total,18,174100,10.34,11.24
Suicide,Shasta,2015-2017,Sex,Total,135,535300,25.22,23.37
Suicide,Alameda,2015-2017,Sex,Total,442,4913000,8.996,8.496
Suicide,Sacramento,2015-2017,Sex,Total,590,4521000,13.05,12.73
Suicide,Siskiyou,2015-2017,Sex,Total,32,133200,24.02,19.91
Suicide,Fresno,2015-2017,Sex,Total,303,2968000,10.21,10.78
Suicide,Humboldt,2015-2017,Sex,Total,92,408000,22.55,22.5
Suicide,Solano,2015-2017,Sex,Total,148,1303000,11.36,11.05
Suicide,San Bernardino,2015-2017,Sex,Total,666,6446000,10.33,10.73
Suicide,Contra Costa,2015-2017,Sex,Total,356,3390000,10.5,10.11
Suicide,Mariposa,2015-2017,Sex,Total,18,54200,33.21,33.12
Suicide,Butte,2015-2017,Sex,Total,128,676000,18.94,18.31
Suicide,Santa Cruz,2015-2017,Sex,Total,136,829300,16.4,15.74
Suicide,Sonoma,2015-2017,Sex,Total,205,1512000,13.55,12.19
Suicide,Trinity,2015-2017,Sex,Total,16,40490,39.51,43.87
Suicide,Sutter,2015-2017,Sex,Total,42,294800,14.25,13.87
